,Artist 1970,Artist 1971,Artist 1972,Artist 1973,Artist 1974,Artist 1975,Artist 1976,Artist 1977,Artist 1978,Artist 1979,Artist 1980,Artist 1981,Artist 1982,Artist 1983,Artist 1984,Artist 1985,Artist 1986,Artist 1987,Artist 1988,Artist 1989,Artist 1990,Artist 1991,Artist 1992,Artist 1993,Artist 1994,Artist 1995,Artist 1996,Artist 1997,Artist 1998,Artist 1999,Artist 2000,Artist 2001,Artist 2002,Artist 2003,Artist 2004,Artist 2005,Artist 2006,Artist 2007,Artist 2008,Artist 2009,Artist 2010,Artist 2011,Artist 2012,Artist 2013,Artist 2014,Artist 2015,Artist 2016,Artist 2017,Artist 2018,Artist 2019
0,Simon & Garfunkel,Three Dog Night,Gilbert O'Sullivan,Jim Croce,Barbra Streisand,Captain & Tennille,Wings,Rod Stewart,Andy Gibb,The Knack,Olivia Newton-John,Kim Carnes,Olivia Newton-John,The Police,Prince,Madonna,Dionne & Friends,Heart,George Michael,Chicago,Wilson Phillips,Daniel Powter,Daniel Powter,Daniel Powter,Daniel Powter,Daniel Powter,Daniel Powter,Daniel Powter,Daniel Powter,Daniel Powter,Daniel Powter,Daniel Powter,Daniel Powter,Daniel Powter,Daniel Powter,Daniel Powter,Daniel Powter,Beyonce,Flo Rida Featuring T-Pain,The Black Eyed Peas,Ke$ha,Adele,Gotye Featuring Kimbra,Macklemore & Ryan Lewis Featuring Wanz,Pharrell Williams,Mark Ronson Featuring Bruno Mars,Justin Bieber,Ed Sheeran,Drake,Lil Nas X Featuring Billy Ray Cyrus
1,Carpenters,Rod Stewart,Don McLean,Roberta Flack,Terry Jacks,Glen Campbell,Elton John & Kiki Dee,Andy Gibb,Bee Gees,Donna Summer,Michael Jackson,Kenny Rogers,Joan Jett & the Blackhearts,Michael Jackson,Tina Turner,Wham!,Klymaxx,Gregory Abbott,INXS,Bobby Brown,Sinead O'Connor,Sean Paul,Sean Paul,Sean Paul,Sean Paul,Sean Paul,Sean Paul,Sean Paul,Sean Paul,Sean Paul,Sean Paul,Sean Paul,Sean Paul,Sean Paul,Sean Paul,Sean Paul,Sean Paul,Rihanna Featuring Jay-Z,Leona Lewis,Lady Gaga,Lady Antebellum,LMFAO Featuring Lauren Bennett & GoonRock,Carly Rae Jepsen,Robin Thicke Featuring T.I. + Pharrell,Katy Perry Featuring Juicy J,Ed Sheeran,Justin Bieber,Luis Fonsi & Daddy Yankee Featuring Justin Bieber,Ed Sheeran,Post Malone & Swae Lee
2,The Guess Who,Carole King,Nilsson,Marvin Gaye,Love Unlimited Orchestra,Elton John,Johnnie Taylor,The Emotions,Debby Boone,Chic,Captain & Tennille,John Lennon,The Human League,Men At Work,Kenny Loggins,Foreigner,Patti LaBelle & Michael McDonald,Whitney Houston,George Harrison,Poison,Bell Biv DeVoe,Nelly Furtado Featuring Timbaland,Nelly Furtado Featuring Timbaland,Nelly Furtado Featuring Timbaland,Nelly Furtado Featuring Timbaland,Nelly Furtado Featuring Timbaland,Nelly Furtado Featuring Timbaland,Nelly Furtado Featuring Timbaland,Nelly Furtado Featuring Timbaland,Nelly Furtado Featuring Timbaland,Nelly Furtado Featuring Timbaland,Nelly Furtado Featuring Timbaland,Nelly Furtado Featuring Timbaland,Nelly Furtado Featuring Timbaland,Nelly Furtado Featuring Timbaland,Nelly Furtado Featuring Timbaland,Nelly Furtado Featuring Timbaland,Gwen Stefani Featuring Akon,Alicia Keys,Lady Gaga Featuring Colby O'Donis,Train,Katy Perry,fun. Featuring Janelle Monae,Imagine Dragons,John Legend,Wiz Khalifa Featuring Charlie Puth,Drake Featuring WizKid & Kyla,Bruno Mars,Bebe Rexha & Florida Georgia Line,Halsey
3,B.J. Thomas,Bee Gees,Joe Tex,Elton John,Redbone,Freddy Fender,Wild Cherry,Hot,Bee Gees,Rod Stewart,Queen,Rick Springfield,John Cougar,Michael Jackson,Phil Collins,Chaka Khan,Mr. Mister,Starship,Rick Astley,Paula Abdul,Madonna,James Blunt,James Blunt,James Blunt,James Blunt,James Blunt,James Blunt,James Blunt,James Blunt,James Blunt,James Blunt,James Blunt,James Blunt,James Blunt,James Blunt,James Blunt,James Blunt,Fergie,Lil Wayne Featuring Static Major,The Black Eyed Peas,Katy Perry Featuring Snoop Dogg,Katy Perry Featuring Kanye West,Maroon 5 Featuring Wiz Khalifa,Baauer,Iggy Azalea Featuring Charli XCX,Fetty Wap,Rihanna Featuring Drake,Kendrick Lamar,Camila Cabello Featuring Young Thug,Billie Eilish
4,Edwin Starr,Donny Osmond,Bill Withers,Billy Preston,Jackson 5,Frankie Valli,Paul Simon,Kenny Nolan,Exile,Peaches & Herb,Lipps Inc.,Kool & The Gang,The Steve Miller Band,Bonnie Tyler,Van Halen,Tears For Fears,Whitney Houston,Robbie Nevil,Guns N' Roses,Janet Jackson,Mariah Carey,Shakira Featuring Wyclef Jean,Shakira Featuring Wyclef Jean,Shakira Featuring Wyclef Jean,Shakira Featuring Wyclef Jean,Shakira Featuring Wyclef Jean,Shakira Featuring Wyclef Jean,Shakira Featuring Wyclef Jean,Shakira Featuring Wyclef Jean,Shakira Featuring Wyclef Jean,Shakira Featuring Wyclef Jean,Shakira Featuring Wyclef Jean,Shakira Featuring Wyclef Jean,Shakira Featuring Wyclef Jean,Shakira Featuring Wyclef Jean,Shakira Featuring Wyclef Jean,Shakira Featuring Wyclef Jean,T-Pain Featuring Yung Joc,Timbaland Featuring OneRepublic,Taylor Swift,Usher Featuring will.i.am,"Pitbull Featuring Ne-Yo, Afrojack & Nayer",Ellie Goulding,Macklemore & Ryan Lewis Featuring Ray Dalton,OneRepublic,Maroon 5,twenty one pilots,The Chainsmokers & Coldplay,Post Malone Featuring 21 Savage,Post Malone
5,Diana Ross,The Temptations,Mac Davis,Carly Simon,MFSB,Grand Funk,Gary Wright,Thelma Houston,Bee Gees,Gloria Gaynor,Bette Midler,Eddie Rabbitt,Chicago,Michael Sembello,Lionel Richie,Dire Straits,Eddie Murphy,Whitesnake,Whitney Houston,Paula Abdul,Phil Collins,Natasha Bedingfield,Natasha Bedingfield,Natasha Bedingfield,Natasha Bedingfield,Natasha Bedingfield,Natasha Bedingfield,Natasha Bedingfield,Natasha Bedingfield,Natasha Bedingfield,Natasha Bedingfield,Natasha Bedingfield,Natasha Bedingfield,Natasha Bedingfield,Natasha Bedingfield,Natasha Bedingfield,Natasha Bedingfield,Carrie Underwood,Jordin Sparks Duet With Chris Brown,Flo Rida,B.o.B Featuring Hayley Williams,Bruno Mars,The Wanted,Justin Timberlake,Jason Derulo Featuring 2 Chainz,WALK THE MOON,Desiigner,Migos Featuring Lil Uzi Vert,Post Malone Featuring Ty Dolla $ign,Marshmello & Bastille
6,Jackson 5,Al Green,Melanie,Diana Ross,Ray Stevens,David Bowie,Walter Murphy & The Big Apple Band,Rita Coolidge,Player,Donna Summer,Rupert Holmes,Dolly Parton,Soft Cell,Eurythmics,Ray Parker Jr.,Madonna,Survivor,Bruce Hornsby & The Range,Belinda Carlisle,Will To Power,En Vogue,Gnarls Barkley,Gnarls Barkley,Gnarls Barkley,Gnarls Barkley,Gnarls Barkley,Gnarls Barkley,Gnarls Barkley,Gnarls Barkley,Gnarls Barkley,Gnarls Barkley,Gnarls Barkley,Gnarls Barkley,Gnarls Barkley,Gnarls Barkley,Gnarls Barkley,Gnarls Barkley,Plain White T's,Sara Bareilles,Jason Mraz,Eminem Featuring Rihanna,Nicki Minaj,Kelly Clarkson,P!nk Featuring Nate Ruess,MAGIC!,Taylor Swift,Adele,The Chainsmokers Featuring Halsey,"Cardi B, Bad Bunny & J Balvin",Ariana Grande
7,Rare Earth,The Honey Cone,Wayne Newton,Vicki Lawrence,Elton John,Neil Sedaka,Starland Vocal Band,Alan O'Day,Andy Gibb,Village People,Gary Numan,REO Speedwagon,Vangelis,Culture Club,Culture Club,a-ha,Mr. Mister,Bon Jovi,Tiffany,Anita Baker,Bell Biv DeVoe,Chamillionaire Featuring Krayzie Bone,Chamillionaire Featuring Krayzie Bone,Chamillionaire Featuring Krayzie Bone,Chamillionaire Featuring Krayzie Bone,Chamillionaire Featuring Krayzie Bone,Chamillionaire Featuring Krayzie Bone,Chamillionaire Featuring Krayzie Bone,Chamillionaire Featuring Krayzie Bone,Chamillionaire Featuring Krayzie Bone,Chamillionaire Featuring Krayzie Bone,Chamillionaire Featuring Krayzie Bone,Chamillionaire Featuring Krayzie Bone,Chamillionaire Featuring Krayzie Bone,Chamillionaire Featuring Krayzie Bone,Chamillionaire Featuring Krayzie Bone,Chamillionaire Featuring Krayzie Bone,Akon Featuring Snoop Dogg,Usher Featuring Young Jeezy,Beyonce,Lady Gaga,Maroon 5 Featuring Christina Aguilera,Rihanna Featuring Calvin Harris,Bruno Mars,Meghan Trainor,Silento,The Chainsmokers Featuring Daya,Sam Hunt,"Zedd, Maren Morris & Grey",Khalid
8,The Beatles,Cornelius Brothers & Sister Rose,Al Green,Clint Holmes,Mac Davis,Eagles,Barry Manilow,Mary Macgregor,A Taste Of Honey,Anita Ward,Smokey Robinson,Sheena Easton,Quarterflash,Eddie Rabbitt With Crystal Gayle,John Waite,Paul Young,Robert Palmer,Los Lobos,Breathe,Richard Marx,Michael Bolton,Justin Timberlake,Justin Timberlake,Justin Timberlake,Justin Timberlake,Justin Timberlake,Justin Timberlake,Justin Timberlake,Justin Timberlake,Justin Timberlake,Justin Timberlake,Justin Timberlake,Justin Timberlake,Justin Timberlake,Justin Timberlake,Justin Timberlake,Justin Timberlake,Nelly Furtado,Chris Brown,Kanye West,Taio Cruz,The Black Eyed Peas,Nicki Minaj,Florida Georgia Line Featuring Nelly,Ariana Grande Featuring Iggy Azalea,The Weeknd,Justin Timberlake,Imagine Dragons,Drake,Travis Scott
9,Freda Payne,The Rolling Stones,Looking Glass,Helen Reddy,Aretha Franklin,John Denver,Silver Convention,ABBA,Commodores,Robert John,Air Supply,Smokey Robinson,Toto,Bob Seger & The Silver Bullet Band,Lionel Richie,Philip Bailey With Phil Collins,Whitney Houston,Wang Chung,Steve Winwood,Boy Meets Girl,Paula Abdul,Beyonce Featuring Slim Thug,Beyonce Featuring Slim Thug,Beyonce Featuring Slim Thug,Beyonce Featuring Slim Thug,Beyonce Featuring Slim Thug,Beyonce Featuring Slim Thug,Beyonce Featuring Slim Thug,Beyonce Featuring Slim Thug,Beyonce Featuring Slim Thug,Beyonce Featuring Slim Thug,Beyonce Featuring Slim Thug,Beyonce Featuring Slim Thug,Beyonce Featuring Slim Thug,Beyonce Featuring Slim Thug,Beyonce Featuring Slim Thug,Beyonce Featuring Slim Thug,Fergie Featuring Ludacris,Chris Brown,The All-American Rejects,Taio Cruz Featuring Ludacris,Jennifer Lopez Featuring Pitbull,One Direction,Katy Perry,Sam Smith,The Weeknd,The Chainsmokers Featuring Halsey,Post Malone Featuring Quavo,Maroon 5 Featuring Cardi B,Jonas Brothers
10,Three Dog Night,James Taylor,Chi-Lites,Edgar Winter Group,Kool & The Gang,Bee Gees,Diana Ross,Leo Sayer,Frankie Valli,Bee Gees,Elton John,Juice Newton,Tommy Tutone,Donna Summer,Deniece Williams,REO Speedwagon,Atlantic Starr,Crowded House,George Michael,Debbie Gibson,Janet Jackson,Mary J. Blige,Mary J. Blige,Mary J. Blige,Mary J. Blige,Mary J. Blige,Mary J. Blige,Mary J. Blige,Mary J. Blige,Mary J. Blige,Mary J. Blige,Mary J. Blige,Mary J. Blige,Mary J. Blige,Mary J. Blige,Mary J. Blige,Mary J. Blige,Akon,Ray J & Yung Berg,Taylor Swift,B.o.B Featuring Bruno Mars,Rihanna,Flo Rida Featuring Sia,Bruno Mars,Pitbull Featuring Ke$ha,OMI,Sia Featuring Sean Paul,James Arthur,Drake,Panic! At The Disco
11,Ray Stevens,Jean Knight,Gallery,The Sweet,Maria Muldaur,Eagles,Seals & Crofts,Jimmy Buffett,Paul Davis,Dr. Hook,Christopher Cross,Blondie,Bertie Higgins,Sergio Mendes,Bruce Springsteen,Starship,Carl Anderson & Gloria Loring,Atlantic Starr,Terence Trent D'Arby,Gloria Estefan,Heart,"Nelly Featuring Paul Wall, Ali & Gipp","Nelly Featuring Paul Wall, Ali & Gipp","Nelly Featuring Paul Wall, Ali & Gipp","Nelly Featuring Paul Wall, Ali & Gipp","Nelly Featuring Paul Wall, Ali & Gipp","Nelly Featuring Paul Wall, Ali & Gipp","Nelly Featuring Paul Wall, Ali & Gipp","Nelly Featuring Paul Wall, Ali & Gipp","Nelly Featuring Paul Wall, Ali & Gipp","Nelly Featuring Paul Wall, Ali & Gipp","Nelly Featuring Paul Wall, Ali & Gipp","Nelly Featuring Paul Wall, Ali & Gipp","Nelly Featuring Paul Wall, Ali & Gipp","Nelly Featuring Paul Wall, Ali & Gipp","Nelly Featuring Paul Wall, Ali & Gipp","Nelly Featuring Paul Wall, Ali & Gipp",Avril Lavigne,Rihanna,T.I. Featuring Justin Timberlake,Enrique Iglesias Featuring Pitbull,Foster The People,Adele,The Lumineers,Bastille,The Weeknd,Lukas Graham,"DJ Khaled Featuring Justin Bieber, Quavo, Chance The Rapper & Lil Wayne",Juice WRLD,Ariana Grande
12,Bread,Lee Michaels,Chuck Berry,Stevie Wonder,The Stylistics,Minnie Riperton,Andrea True Connection,Electric Light Orchestra,John Travolta & Olivia Newton-John,David Naughton,Diana Ross,Ray Parker Jr. & Raydio,Melissa Manchester,Duran Duran,Cyndi Lauper,Huey Lewis & The News,Pet Shop Boys,Jody Watley,Gloria Estefan & Miami Sound Machine,Warrant,Maxi Priest,The Fray,The Fray,The Fray,The Fray,The Fray,The Fray,The Fray,The Fray,The Fray,The Fray,The Fray,The Fray,The Fray,The Fray,The Fray,The Fray,Maroon 5,Coldplay,The Fray,Young Money Featuring Lloyd,Katy Perry,LMFAO,Rihanna Featuring Mikky Ekko,Taylor Swift,Ellie Goulding,Rihanna,Lil Uzi Vert,Post Malone,Lizzo
13,Vanity Fare,Joan Baez,Neil Young,Cher,Al Wilson,Carl Douglas,Queen,Pablo Cruise,Samantha Sang,The Pointer Sisters,Styx,Blondie,Foreigner,David Bowie,Duran Duran,Simple Minds,Billy Ocean,Tiffany,Cheap Trick,Milli Vanilli,Alannah Myles,Cassie,Cassie,Cassie,Cassie,Cassie,Cassie,Cassie,Cassie,Cassie,Cassie,Cassie,Cassie,Cassie,Cassie,Cassie,Cassie,Shop Boyz,Katy Perry,Kings Of Leon,Jason Derulo,Bruno Mars,fun.,Daft Punk Featuring Pharrell Williams,Nico & Vinz,Hozier,Flo Rida,Future,Bruno Mars & Cardi B,Sam Smith & Normani
14,Jackson 5,Marvin Gaye,The Stylistics,The Isley Brothers,David Essex,The Doobie Brothers,Dorothy Moore,Stevie Wonder,Eric Clapton,Bee Gees,Billy Preston & Syreeta,"Grover Washington, Jr. With Bill Withers",Rick Springfield,Golden Earring,Cyndi Lauper,Kool & The Gang,Simple Minds,Billy Idol,Billy Ocean,Roxette,Wilson Phillips,The Pussycat Dolls Featuring Snoop Dogg,The Pussycat Dolls Featuring Snoop Dogg,The Pussycat Dolls Featuring Snoop Dogg,The Pussycat Dolls Featuring Snoop Dogg,The Pussycat Dolls Featuring Snoop Dogg,The Pussycat Dolls Featuring Snoop Dogg,The Pussycat Dolls Featuring Snoop Dogg,The Pussycat Dolls Featuring Snoop Dogg,The Pussycat Dolls Featuring Snoop Dogg,The Pussycat Dolls Featuring Snoop Dogg,The Pussycat Dolls Featuring Snoop Dogg,The Pussycat Dolls Featuring Snoop Dogg,The Pussycat Dolls Featuring Snoop Dogg,The Pussycat Dolls Featuring Snoop Dogg,The Pussycat Dolls Featuring Snoop Dogg,The Pussycat Dolls Featuring Snoop Dogg,Akon Featuring Eminem,T.I.,Keri Hilson Featuring Kanye West & Ne-Yo,Rihanna,Enrique Iglesias Featuring Ludacris & DJ Frank E,Katy Perry,Lorde,DJ Snake & Lil Jon,Taylor Swift Featuring Kendrick Lamar,Mike Posner,French Montana Featuring Swae Lee,Ella Mai,Shawn Mendes & Camila Cabello
15,Jackson 5,Paul & Linda McCartney,The Staple Singers,Grand Funk Railroad,John Denver,Sweet,The Sylvers,Eagles,The Rolling Stones,Olivia Newton-John,The Manhattans,The Pointer Sisters,Juice Newton,Frida,The Pointer Sisters,John Parr,Heart,Billy Vera & The Beaters,Expose,Phil Collins,Linda Ronstadt (Featuring Aaron Neville),Chris Brown,Chris Brown,Chris Brown,Chris Brown,Chris Brown,Chris Brown,Chris Brown,Chris Brown,Chris Brown,Chris Brown,Chris Brown,Chris Brown,Chris Brown,Chris Brown,Chris Brown,Chris Brown,Mims,Rihanna,Jamie Foxx Featuring T-Pain,Lady Gaga Featuring Beyonce,P!nk,Flo Rida,Taylor Swift,Eminem Featuring Rihanna,Major Lazer & DJ Snake Featuring MO,Fifth Harmony Featuring Ty Dolla $ign,Bruno Mars,Dua Lipa,Ed Sheeran & Justin Bieber
16,Neil Diamond,Five Man Electrical Band,Michael Jackson,Dr. John,Blue Swede,B.J. Thomas,England Dan & John Ford Coley,Marvin Gaye,Billy Joel,Blondie,Commodores,Climax Blues Band,Willie Nelson,Eddy Grant,The Romantics,Glenn Frey,Prince And The Revolution,Chris de Burgh,Whitesnake,Milli Vanilli,Lisa Stansfield,Ne-Yo,Ne-Yo,Ne-Yo,Ne-Yo,Ne-Yo,Ne-Yo,Ne-Yo,Ne-Yo,Ne-Yo,Ne-Yo,Ne-Yo,Ne-Yo,Ne-Yo,Ne-Yo,Ne-Yo,Ne-Yo,Daughtry,Rihanna,Pitbull,Katy Perry,Lady Gaga,Flo Rida,Miley Cyrus,A Great Big World & Christina Aguilera,Jason Derulo,Calvin Harris Featuring Rihanna,Zedd & Alessia Cara,XXXTENTACION,"benny blanco, Halsey & Khalid"
17,Dawn,Tom Jones,War,Skylark,Paul McCartney And Wings,Tony Orlando & Dawn,Nazareth,Bill Conti,Wings,The Doobie Brothers,Dr. Hook,John Lennon,The Cars,Thomas Dolby,Laura Branigan,USA For Africa,Steve Winwood,Whitney Houston,The Escape Club,Roxette,Calloway,Yung Joc,Yung Joc,Yung Joc,Yung Joc,Yung Joc,Yung Joc,Yung Joc,Yung Joc,Yung Joc,Yung Joc,Yung Joc,Yung Joc,Yung Joc,Yung Joc,Yung Joc,Yung Joc,Timbaland Featuring Keri Hilson,Natasha Bedingfield,T.I. Featuring Rihanna,Bruno Mars,P!nk,Maroon 5,Miley Cyrus,Lorde,Taylor Swift,DNCE,DJ Khaled Featuring Rihanna & Bryson Tiller,Camila Cabello,Meek Mill Featuring Drake
18,Norman Greenbaum,Jerry Reed,America,Stevie Wonder,Charlie Rich,Janis Ian,Silver Convention,Glen Campbell,Yvonne Elliman,Chic,Robbie Dupree,A Taste Of Honey,Dazz Band,Toto,Prince And The Revolution,Tears For Fears,Huey Lewis & The News,U2,Def Leppard,Bon Jovi,Johnny Gill,Rihanna,Rihanna,Rihanna,Rihanna,Rihanna,Rihanna,Rihanna,Rihanna,Rihanna,Rihanna,Rihanna,Rihanna,Rihanna,Rihanna,Rihanna,Rihanna,Fergie,Chris Brown Featuring T-Pain,Soulja Boy Tell 'em Featuring Sammie,Mike Posner,Rihanna Featuring Drake,Train,Avicii,Passenger,Skrillex & Diplo With Justin Bieber,G-Eazy x Bebe Rexha,Rae Sremmurd Featuring Gucci Mane,Khalid & Normani,Lady Gaga & Bradley Cooper
19,Melanie with The Edwin Hawkins Singers,Carpenters,Neil Diamond,Maureen McGovern,Jim Croce,Average White Band,Eagles,Leo Sayer,Chic,Barbra Streisand & Neil Diamond,Ambrosia,ABBA,Go-Go's,Prince,Thompson Twins,Stevie Wonder,Simply Red,Duran Duran,Taylor Dayne,Simply Red,Glenn Medeiros Featuring Bobby Brown,Panic! At The Disco,Panic! At The Disco,Panic! At The Disco,Panic! At The Disco,Panic! At The Disco,Panic! At The Disco,Panic! At The Disco,Panic! At The Disco,Panic! At The Disco,Panic! At The Disco,Panic! At The Disco,Panic! At The Disco,Panic! At The Disco,Panic! At The Disco,Panic! At The Disco,Panic! At The Disco,Soulja Boy Tell'em,Ne-Yo,Jay Sean Featuring Lil Wayne,The Black Eyed Peas,Chris Brown Featuring Lil Wayne & Busta Rhymes,Drake Featuring Lil Wayne,Justin Timberlake Featuring JAY Z,Lorde,Rachel Platten,twenty one pilots,The Weeknd Featuring Daft Punk,Ariana Grande,Khalid
20,The Temptations,George Harrison,Hot Butter,John Denver,John Denver,Labelle,Commodores,The Sylvers,Chuck Mangione,Amii Stewart,Kenny Loggins,Stars On 45,Ray Parker Jr.,Styx,Kool & The Gang,Whitney Houston,Peter Gabriel,Debbie Gibson,Michael Jackson,Madonna,Sweet Sensation,The All-American Rejects,The All-American Rejects,The All-American Rejects,The All-American Rejects,The All-American Rejects,The All-American Rejects,The All-American Rejects,The All-American Rejects,The All-American Rejects,The All-American Rejects,The All-American Rejects,The All-American Rejects,The All-American Rejects,The All-American Rejects,The All-American Rejects,The All-American Rejects,Timbaland Featuring Nelly Furtado & Justin Timberlake,Colbie Caillat,Miley Cyrus,Jay-Z + Alicia Keys,Jeremih Featuring 50 Cent,Rihanna,Anna Kendrick,Idina Menzel,Fetty Wap Featuring Remy Boyz,twenty one pilots,Khalid,Bazzi,Chris Brown Featuring Drake
21,Free,Ocean,The Main Ingredient,Stealers Wheel,Olivia Newton-John,War,Maxine Nightingale,Rose Royce,Sweet,Maxine Nightingale,Jermaine Jackson,Neil Diamond,George Benson,Lionel Richie,Stevie Wonder,Bryan Adams,Starship,Bill Medley & Jennifer Warnes,Debbie Gibson,New Kids On The Block,Nelson,Fergie,Fergie,Fergie,Fergie,Fergie,Fergie,Fergie,Fergie,Fergie,Fergie,Fergie,Fergie,Fergie,Fergie,Fergie,Fergie,Justin Timberlake,Mariah Carey,Drake,Usher Featuring Pitbull,Lil Wayne,Neon Trees,Jay Z Featuring Justin Timberlake,Avicii,Meghan Trainor,Zayn,Charlie Puth,Imagine Dragons,Maroon 5 Featuring Cardi B
22,Jackson 5,Carpenters,Climax,Three Dog Night,Gordon Lightfoot,Major Harris,Ohio Players,The Steve Miller Band,Bonnie Tyler,Melissa Manchester,Christopher Cross,Air Supply,Air Supply,Taco,Rockwell,Wham!,The Human League,Peter Cetera With Amy Grant,Richard Marx,Breathe,Taylor Dayne,Red Hot Chili Peppers,Red Hot Chili Peppers,Red Hot Chili Peppers,Red Hot Chili Peppers,Red Hot Chili Peppers,Red Hot Chili Peppers,Red Hot Chili Peppers,Red Hot Chili Peppers,Red Hot Chili Peppers,Red Hot Chili Peppers,Red Hot Chili Peppers,Red Hot Chili Peppers,Red Hot Chili Peppers,Red Hot Chili Peppers,Red Hot Chili Peppers,Red Hot Chili Peppers,Gym Class Heroes Featuring Patrick Stump,Madonna Featuring Justin Timberlake & Timbaland,Kelly Clarkson,Travie McCoy Featuring Bruno Mars,Adele,Drake Featuring Rihanna,will.i.am & Britney Spears,Imagine Dragons,Fifth Harmony Featuring Kid Ink,Shawn Mendes,Shawn Mendes,BlocBoy JB Featuring Drake,Ava Max
23,Bobby Sherman,Gordon Lightfoot,The Moody Blues,The O'Jays,Andy Kim,Stevie Wonder,Bee Gees,David Soul,Gerry Rafferty,Supertramp,Dan Fogelberg,Air Supply,The Motels,Marvin Gaye,Matthew Wilder,New Edition,Nu Shooz,Club Nouveau,Johnny Hates Jazz,Milli Vanilli,Jane Child,Lil Jon Featuring E-40 & Sean Paul Of The YoungBloodZ,Lil Jon Featuring E-40 & Sean Paul Of The YoungBloodZ,Lil Jon Featuring E-40 & Sean Paul Of The YoungBloodZ,Lil Jon Featuring E-40 & Sean Paul Of The YoungBloodZ,Lil Jon Featuring E-40 & Sean Paul Of The YoungBloodZ,Lil Jon Featuring E-40 & Sean Paul Of The YoungBloodZ,Lil Jon Featuring E-40 & Sean Paul Of The YoungBloodZ,Lil Jon Featuring E-40 & Sean Paul Of The YoungBloodZ,Lil Jon Featuring E-40 & Sean Paul Of The YoungBloodZ,Lil Jon Featuring E-40 & Sean Paul Of The YoungBloodZ,Lil Jon Featuring E-40 & Sean Paul Of The YoungBloodZ,Lil Jon Featuring E-40 & Sean Paul Of The YoungBloodZ,Lil Jon Featuring E-40 & Sean Paul Of The YoungBloodZ,Lil Jon Featuring E-40 & Sean Paul Of The YoungBloodZ,Lil Jon Featuring E-40 & Sean Paul Of The YoungBloodZ,Lil Jon Featuring E-40 & Sean Paul Of The YoungBloodZ,The Fray,P!nk,Beyonce,Eminem,OneRepublic,David Guetta Featuring Sia,Zedd Featuring Foxes,One Direction,Omarion Featuring Chris Brown & Jhene Aiko,Drake,Cardi B,Taylor Swift,DaBaby
24,Sugarloaf,Sammi Smith,Raspberries,Eddie Kendricks,Eddie Kendricks,Helen Reddy,Lou Rawls,Stephen Bishop,Meat Loaf,Billy Joel,Kenny Rogers,Barbra Streisand & Barry Gibb,Fleetwood Mac,The Human League,Nena,Jan Hammer,Falco,Madonna,George Michael,Martika,Seduction,Dem Franchize Boyz Featuring Lil Peanut & Charlay,Dem Franchize Boyz Featuring Lil Peanut & Charlay,Dem Franchize Boyz Featuring Lil Peanut & Charlay,Dem Franchize Boyz Featuring Lil Peanut & Charlay,Dem Franchize Boyz Featuring Lil Peanut & Charlay,Dem Franchize Boyz Featuring Lil Peanut & Charlay,Dem Franchize Boyz Featuring Lil Peanut & Charlay,Dem Franchize Boyz Featuring Lil Peanut & Charlay,Dem Franchize Boyz Featuring Lil Peanut & Charlay,Dem Franchize Boyz Featuring Lil Peanut & Charlay,Dem Franchize Boyz Featuring Lil Peanut & Charlay,Dem Franchize Boyz Featuring Lil Peanut & Charlay,Dem Franchize Boyz Featuring Lil Peanut & Charlay,Dem Franchize Boyz Featuring Lil Peanut & Charlay,Dem Franchize Boyz Featuring Lil Peanut & Charlay,Dem Franchize Boyz Featuring Lil Peanut & Charlay,Daughtry,Finger Eleven,Katy Perry,Iyaz,Bruno Mars,Jason Mraz,AWOLNATION,Sia,Andy Grammer,Major Lazer Featuring Justin Bieber & MO,Childish Gambino,Lil Baby & Drake,J. Cole
25,Blues Image,Jackson 5,Cornelius Brothers & Sister Rose,Anne Murray,Ringo Starr,Ozark Mountain Daredevils,David Bowie,Foreigner,ABBA,Randy VanWarmer,Kool & The Gang,Styx,The Alan Parsons Project,Men Without Hats,Dan Hartman,Billy Ocean,Madonna,Cutting Crew,Samantha Fox,Paula Abdul,Linear,Rascal Flatts,Rascal Flatts,Rascal Flatts,Rascal Flatts,Rascal Flatts,Rascal Flatts,Rascal Flatts,Rascal Flatts,Rascal Flatts,Rascal Flatts,Rascal Flatts,Rascal Flatts,Rascal Flatts,Rascal Flatts,Rascal Flatts,Rascal Flatts,Justin Timberlake Featuring T.I.,Fergie,Shinedown,David Guetta Featuring Akon,Britney Spears,Bruno Mars,Swedish House Mafia Featuring John Martin,Iggy Azalea Featuring Rita Ora,Sam Smith,Adele,Zayn / Taylor Swift,Marshmello & Anne-Marie,Lil Baby & Gunna
26,John Ono Lennon,Lynn Anderson,The O'Jays,King Harvest,Olivia Newton-John,Ohio Players,Starbuck,Climax Blues Band,Dan Hill,Raydio,Kool & The Gang,The Oak Ridge Boys,"Earth, Wind & Fire",Toni Basil,Sheila E.,Teena Marie,Bon Jovi,T'Pau,Phil Collins,Mike + The Mechanics,Poison,The Fray,The Fray,The Fray,The Fray,The Fray,The Fray,The Fray,The Fray,The Fray,The Fray,The Fray,The Fray,The Fray,The Fray,The Fray,The Fray,Kanye West,Jason Mraz,Britney Spears,The Script,Lupe Fiasco,"Kanye West, Big Sean, Pusha T, 2 Chainz",Rihanna,"Jessie J, Ariana Grande & Nicki Minaj",Selena Gomez Featuring A$AP Rocky,The Chainsmokers Featuring Rozes,Kygo x Selena Gomez,Halsey,Lewis Capaldi
27,Clarence Carter,"Hamilton, Joe Frank & Reynolds",Jonathan Edwards,Bloodstone,Cher,Pilot,Dr. Hook,Commodores,Donna Summer,Peaches & Herb,Kim Carnes,REO Speedwagon,Journey,Phil Collins,Steve Perry,Glenn Frey,Janet Jackson,Kim Wilde,Def Leppard,Tone-Loc,New Kids On The Block,Rihanna,Rihanna,Rihanna,Rihanna,Rihanna,Rihanna,Rihanna,Rihanna,Rihanna,Rihanna,Rihanna,Rihanna,Rihanna,Rihanna,Rihanna,Rihanna,Jim Jones,Jesse McCartney,Kid Cudi,Ke$ha,Lady Gaga,Justin Bieber,Icona Pop Featuring Charli XCX,Disclosure Featuring Sam Smith,Meghan Trainor,Shawn Mendes,KYLE Featuring Lil Yachty,Tyga Featuring Offset,Lil Tecca
28,Creedence Clearwater Revival,Ringo Starr,Badfinger,Seals & Crofts,Roberta Flack,Carpenters,Bellamy Brothers,Jennifer Warnes,Olivia Newton-John,Dionne Warwick,M,Barbra Streisand,Dan Fogelberg,Journey,Lionel Richie,Ready For The World,Heart,The Georgia Satellites,Richard Marx,Bad English,Roxette,Snow Patrol,Snow Patrol,Snow Patrol,Snow Patrol,Snow Patrol,Snow Patrol,Snow Patrol,Snow Patrol,Snow Patrol,Snow Patrol,Snow Patrol,Snow Patrol,Snow Patrol,Snow Patrol,Snow Patrol,Snow Patrol,P!nk,Kardinal Offishall Featuring Akon,Miley Cyrus,The Black Eyed Peas,Ke$ha,LMFAO Featuring Lauren Bennett & GoonRock,Capital Cities,Maroon 5,Taylor Swift,Drake Featuring Rihanna,Julia Michaels,NF,Shawn Mendes
29,Brook Benton,Nitty Gritty Dirt Band,Elton John,The Doobie Brothers,The Main Ingredient,America,Vicki Sue Robinson,Natalie Cole,Foreigner,Bee Gees,Pretenders,Foreigner,Stevie Nicks With Don Henley,Prince,Elton John,Debarge,Madonna,Aretha Franklin & George Michael,Debbie Gibson,Cher,Billy Joel,Hinder,Hinder,Hinder,Hinder,Hinder,Hinder,Hinder,Hinder,Hinder,Hinder,Hinder,Hinder,Hinder,Hinder,Hinder,Hinder,Unk,Jordin Sparks,3OH!3,Owl City,Wiz Khalifa,Alex Clare,Bruno Mars,Chris Brown Featuring Lil Wayne & French Montana Or Too $hort Or Tyga,Drake,Future Featuring The Weeknd,Alessia Cara,G-Eazy Featuring A$AP Rocky & Cardi B,Post Malone Featuring Young Thug
30,Chairmen Of The Board,The Dramatics,Michael Jackson,George Harrison,Billy Preston,Elton John,Captain & Tennille,Manfred Mann's Earth Band,Roberta Flack With Donny Hathaway,Cheap Trick,"Ray, Goodman & Brown",Rod Stewart,Air Supply,Stray Cats,Cyndi Lauper,Phil Collins,Belinda Carlisle,Janet Jackson,Whitney Houston,Neneh Cherry,James Ingram,Cascada,Cascada,Cascada,Cascada,Cascada,Cascada,Cascada,Cascada,Cascada,Cascada,Cascada,Cascada,Cascada,Cascada,Cascada,Cascada,Sean Kingston,Miley Cyrus,"Jay-Z, Rihanna & Kanye West",Trey Songz Featuring Fabolous,Hot Chelle Rae,Katy Perry,Ariana Grande Featuring Mac Miller,American Authors,"David Guetta Featuring Nicki Minaj, Bebe Rexha & Afrojack",Justin Bieber,Logic Featuring Alessia Cara & Khalid,6ix9ine Featuring Nicki Minaj & Murda Beatz,Kodak Black Featuring Travis Scott & Offset
31,Edison Lighthouse,Carly Simon,Daniel Boone,Sly & The Family Stone,Carpenters,Barry Manilow,Eric Carmen,Barry Manilow,Kansas,Barbra Streisand,Stevie Wonder,Commodores,Charlene,Billy Joel,Madonna,The Honeydrippers,Level 42,Prince,Aerosmith,Sheriff,Rod Stewart,Christina Aguilera,Christina Aguilera,Christina Aguilera,Christina Aguilera,Christina Aguilera,Christina Aguilera,Christina Aguilera,Christina Aguilera,Christina Aguilera,Christina Aguilera,Christina Aguilera,Christina Aguilera,Christina Aguilera,Christina Aguilera,Christina Aguilera,Christina Aguilera,Fall Out Boy,Metro Station,Kevin Rudolf Featuring Lil Wayne,Drake,Ke$ha,Snoop Dogg & Wiz Khalifa Featuring Bruno Mars,Drake,Tove Lo,Flo Rida Featuring Sage The Gemini & Lookas,The Weeknd,Niall Horan,Dan + Shay,Post Malone
32,Anne Murray,Stevie Wonder,Dennis Coffey & The Detroit Guitar Band,Jermaine Jackson,The Steve Miller Band,Olivia Newton-John,Donna Summer,Atlanta Rhythm Section,Randy Newman,Elton John,Shalamar,Don McLean,Paul Davis,Stevie Nicks,Corey Hart,Duran Duran,Bananarama,Genesis,Michael Jackson,Taylor Dayne,Janet Jackson,Fall Out Boy,Fall Out Boy,Fall Out Boy,Fall Out Boy,Fall Out Boy,Fall Out Boy,Fall Out Boy,Fall Out Boy,Fall Out Boy,Fall Out Boy,Fall Out Boy,Fall Out Boy,Fall Out Boy,Fall Out Boy,Fall Out Boy,Fall Out Boy,T-Pain Featuring Akon,OneRepublic,Sean Kingston,Lady Gaga,Bad Meets Evil Featuring Bruno Mars,Taylor Swift,Selena Gomez,Calvin Harris,Justin Bieber,P!nk,Rihanna,Portugal. The Man,5 Seconds Of Summer
33,Eddie Holman,Aretha Franklin,Cat Stevens,Gladys Knight And The Pips,Gladys Knight And The Pips,Barry Manilow,Donny & Marie Osmond,Fleetwood Mac,The O'Jays,Leif Garrett,Cliff Richard,Marty Balin,Asia,Billy Joel,Billy Idol,Duran Duran,Lionel Richie,Huey Lewis & The News,Eric Carmen,Bon Jovi,Tommy Page,Kanye West Featuring Jamie Foxx,Kanye West Featuring Jamie Foxx,Kanye West Featuring Jamie Foxx,Kanye West Featuring Jamie Foxx,Kanye West Featuring Jamie Foxx,Kanye West Featuring Jamie Foxx,Kanye West Featuring Jamie Foxx,Kanye West Featuring Jamie Foxx,Kanye West Featuring Jamie Foxx,Kanye West Featuring Jamie Foxx,Kanye West Featuring Jamie Foxx,Kanye West Featuring Jamie Foxx,Kanye West Featuring Jamie Foxx,Kanye West Featuring Jamie Foxx,Kanye West Featuring Jamie Foxx,Kanye West Featuring Jamie Foxx,Huey,Sean Kingston,Jason Derulo,Jason Derulo,The Band Perry,Justin Bieber Featuring Big Sean,Drake Featuring Majid Jordan,Charli XCX,Ed Sheeran,D.R.A.M. Featuring Lil Yachty,The Weeknd Featuring Daft Punk,"Migos, Nicki Minaj & Cardi B",Drake Featuring Rick Ross
34,Badfinger,Aretha Franklin,Rick Nelson,New York City,Three Dog Night,Harry Chapin,Rufus Featuring Chaka Khan,Brick,Natalie Cole,"Earth, Wind & Fire",The Brothers Johnson,Diana Ross,Little River Band,Naked Eyes,Eurythmics,Chicago,Miami Sound Machine,Madonna,UB40,Fine Young Cannibals,Jody Watley,Ludacris Featuring Pharrell,Ludacris Featuring Pharrell,Ludacris Featuring Pharrell,Ludacris Featuring Pharrell,Ludacris Featuring Pharrell,Ludacris Featuring Pharrell,Ludacris Featuring Pharrell,Ludacris Featuring Pharrell,Ludacris Featuring Pharrell,Ludacris Featuring Pharrell,Ludacris Featuring Pharrell,Ludacris Featuring Pharrell,Ludacris Featuring Pharrell,Ludacris Featuring Pharrell,Ludacris Featuring Pharrell,Ludacris Featuring Pharrell,Ludacris Featuring Mary J. Blige,M.I.A.,Lady Gaga,Nelly,Gym Class Heroes Featuring Adam Levine,David Guetta Featuring Nicki Minaj,Maroon 5,Beyonce Featuring Jay Z,Adele,Bryson Tiller,Big Sean,Lauv,Dan + Shay
35,Tyrone Davis,Tommy James,Johnny Nash,Spinners,Stevie Wonder,Michael Murphey,Dr. Hook,Peter Frampton,Pablo Cruise,Kenny Rogers,Eagles,Kenny Rogers,Buckner & Garcia,Lionel Richie,Billy Joel,The Pointer Sisters,Cyndi Lauper,The Jets,Bon Jovi,Sheena Easton,Soul II Soul,Bubba Sparxxx Featuring Ying Yang Twins & Mr. ColliPark,Bubba Sparxxx Featuring Ying Yang Twins & Mr. ColliPark,Bubba Sparxxx Featuring Ying Yang Twins & Mr. ColliPark,Bubba Sparxxx Featuring Ying Yang Twins & Mr. ColliPark,Bubba Sparxxx Featuring Ying Yang Twins & Mr. ColliPark,Bubba Sparxxx Featuring Ying Yang Twins & Mr. ColliPark,Bubba Sparxxx Featuring Ying Yang Twins & Mr. ColliPark,Bubba Sparxxx Featuring Ying Yang Twins & Mr. ColliPark,Bubba Sparxxx Featuring Ying Yang Twins & Mr. ColliPark,Bubba Sparxxx Featuring Ying Yang Twins & Mr. ColliPark,Bubba Sparxxx Featuring Ying Yang Twins & Mr. ColliPark,Bubba Sparxxx Featuring Ying Yang Twins & Mr. ColliPark,Bubba Sparxxx Featuring Ying Yang Twins & Mr. ColliPark,Bubba Sparxxx Featuring Ying Yang Twins & Mr. ColliPark,Bubba Sparxxx Featuring Ying Yang Twins & Mr. ColliPark,Bubba Sparxxx Featuring Ying Yang Twins & Mr. ColliPark,Nickelback,Katy Perry,Katy Perry,Ludacris,The Black Eyed Peas,Maroon 5 Featuring Christina Aguilera,Pitbull Featuring Christina Aguilera,Nicki Minaj,Shawn Mendes,Ariana Grande,Liam Payne Featuring Quavo,5 Seconds Of Summer,Ariana Grande
36,Mungo Jerry,Ike & Tina Turner,Elvis Presley,Elton John,Dionne Warwick And The Spinners,10cc,Henry Gross,Kenny Rogers,Andy Gibb,Nicolette Larson,Rocky Burnette,Champaign,Stevie Wonder,Don Henley,Night Ranger,Pat Benatar,Kenny Loggins,Samantha Fox,Elton John,Young M.C.,Luther Vandross,Sean Paul Featuring Keyshia Cole,Sean Paul Featuring Keyshia Cole,Sean Paul Featuring Keyshia Cole,Sean Paul Featuring Keyshia Cole,Sean Paul Featuring Keyshia Cole,Sean Paul Featuring Keyshia Cole,Sean Paul Featuring Keyshia Cole,Sean Paul Featuring Keyshia Cole,Sean Paul Featuring Keyshia Cole,Sean Paul Featuring Keyshia Cole,Sean Paul Featuring Keyshia Cole,Sean Paul Featuring Keyshia Cole,Sean Paul Featuring Keyshia Cole,Sean Paul Featuring Keyshia Cole,Sean Paul Featuring Keyshia Cole,Sean Paul Featuring Keyshia Cole,Fall Out Boy,T.I. Featuring Rihanna,Jeremih,Far*East Movement Featuring Cataracs & Dev,Diddy - Dirty Money Featuring Skylar Grey,P!nk,Lady Gaga,Ariana Grande Featuring Zedd,Tove Lo,Drake & Future,Drake,Imagine Dragons,Cardi B & Bruno Mars
37,R. Dean Taylor,Chicago,Betty Wright,Gladys Knight And The Pips,Paper Lace,Billy Swan,Chicago,Shaun Cassidy,John Paul Young,Little River Band,Dr. Hook,Pat Benatar,Lindsey Buckingham,Kajagoogoo,The Cars,Commodores,Janet Jackson,Michael Jackson With Siedah Garrett,Rick Astley,Jody Watley,Janet Jackson,Nickelback,Nickelback,Nickelback,Nickelback,Nickelback,Nickelback,Nickelback,Nickelback,Nickelback,Nickelback,Nickelback,Nickelback,Nickelback,Nickelback,Nickelback,Nickelback,Linkin Park,Plies Featuring Ne-Yo,P!nk,Timbaland Featuring Justin Timberlake,Pitbull Featuring T-Pain,Owl City & Carly Rae Jepsen,Maroon 5,Enrique Iglesias Featuring Descemer Bueno & Gente de Zona,Nick Jonas,gnash Featuring Olivia O'Brien,Maroon 5 Featuring Kendrick Lamar,Offset & Metro Boomin,Cardi B
38,Rare Earth,Stampeders,Argent,Deep Purple,Marvin Hamlisch,"Hamilton, Joe Frank & Reynolds",Boz Scaggs,James Taylor,David Gates,Bonnie Pointer,Rupert Holmes,The Alan Parsons Project,Roberta Flack,Adam Ant,Olivia Newton-John,Howard Jones,Howard Jones,Madonna,George Michael,Bobby Brown,Vanilla Ice,Kelly Clarkson,Kelly Clarkson,Kelly Clarkson,Kelly Clarkson,Kelly Clarkson,Kelly Clarkson,Kelly Clarkson,Kelly Clarkson,Kelly Clarkson,Kelly Clarkson,Kelly Clarkson,Kelly Clarkson,Kelly Clarkson,Kelly Clarkson,Kelly Clarkson,Kelly Clarkson,Justin Timberlake,Estelle Featuring Kanye West,Britney Spears,Michael Buble,Rihanna,Demi Lovato,Lil Wayne Featuring Drake & Future,Ellie Goulding,Pitbull & Ne-Yo,Alessia Cara,Taylor Swift,Post Malone,Taylor Swift
39,Bobby Sherman,Bread,Bread,Charlie Rich,ABBA,Morris Albert,Peter Frampton,Alice Cooper,Paul Simon,Toto,Donna Summer,Bruce Springsteen,Juice Newton,The Clash,Duran Duran,Jack Wagner,Sly Fox,Genesis,INXS,New Kids On The Block,Milli Vanilli,The Pussycat Dolls,The Pussycat Dolls,The Pussycat Dolls,The Pussycat Dolls,The Pussycat Dolls,The Pussycat Dolls,The Pussycat Dolls,The Pussycat Dolls,The Pussycat Dolls,The Pussycat Dolls,The Pussycat Dolls,The Pussycat Dolls,The Pussycat Dolls,The Pussycat Dolls,The Pussycat Dolls,The Pussycat Dolls,Lloyd Featuring Lil Wayne,Lil Wayne Featuring T-Pain,T.I.,Flo Rida Featuring David Guetta,Lil Wayne Featuring Cory Gunz,Jay Z Kanye West,Fall Out Boy,Jason Derulo Featuring Snoop Dogg,R. City Featuring Adam Levine,Selena Gomez,Ed Sheeran,The Weeknd & Kendrick Lamar,Lil Nas X
40,Four Tops,Marvin Gaye,The Dramatics,Loggins & Messina,The Hollies,Linda Ronstadt,Aerosmith,Johnny Rivers,Heatwave,Sister Sledge,The Rolling Stones,Franke & The Knockouts,Rod Stewart,Madness,Chicago,Aretha Franklin,Miami Sound Machine,Janet Jackson,Richard Marx,Rod Stewart,M.C. Hammer,T-Pain Featuring Mike Jones,T-Pain Featuring Mike Jones,T-Pain Featuring Mike Jones,T-Pain Featuring Mike Jones,T-Pain Featuring Mike Jones,T-Pain Featuring Mike Jones,T-Pain Featuring Mike Jones,T-Pain Featuring Mike Jones,T-Pain Featuring Mike Jones,T-Pain Featuring Mike Jones,T-Pain Featuring Mike Jones,T-Pain Featuring Mike Jones,T-Pain Featuring Mike Jones,T-Pain Featuring Mike Jones,T-Pain Featuring Mike Jones,T-Pain Featuring Mike Jones,Elliott Yamin,Taylor Swift,Mariah Carey,Jay Sean Featuring Lil Wayne,Lady Antebellum,Katy Perry,"A$AP Rocky Featuring Drake, 2 Chainz & Kendrick Lamar",Clean Bandit Featuring Jess Glynne,Natalie La Rose Featuring Jeremih,Drake,Machine Gun Kelly x Camila Cabello,Selena Gomez,A Boogie Wit da Hoodie
41,Chicago,Freda Payne,Al Green,Chicago,Steely Dan,Sammy Johns,The O'Jays,Andrew Gold,Jay Ferguson,Dr. Hook,Herb Alpert,Terri Gibbs,The J. Geils Band,Men At Work,Scandal Featuring Patty Smyth,Corey Hart,Dire Straits,Huey Lewis & The News,Chicago,New Kids On The Block,Taylor Dayne,The Black Eyed Peas,The Black Eyed Peas,The Black Eyed Peas,The Black Eyed Peas,The Black Eyed Peas,The Black Eyed Peas,The Black Eyed Peas,The Black Eyed Peas,The Black Eyed Peas,The Black Eyed Peas,The Black Eyed Peas,The Black Eyed Peas,The Black Eyed Peas,The Black Eyed Peas,The Black Eyed Peas,The Black Eyed Peas,Diddy Featuring Keyshia Cole,Danity Kane,Ne-Yo,La Roux,Jason Aldean,Calvin Harris,Justin Bieber Featuring Nicki Minaj,Jeremih Featuring YG,Rihanna & Kanye West & Paul McCartney,Meghan Trainor Featuring John Legend,The Chainsmokers,Travis Scott,21 Savage
42,Frijid Pink,Rare Earth,Roberta Flack & Donny Hathaway,War,Joni Mitchell,Barry White,Fleetwood Mac,Stevie Wonder,Atlanta Rhythm Section,Kenny Rogers,Air Supply,Leo Sayer,REO Speedwagon,Duran Duran,Peabo Bryson,Phil Collins,Boston,Chicago,Kylie Minogue,Def Leppard,Janet Jackson,Fort Minor Featuring Holly Brook,Fort Minor Featuring Holly Brook,Fort Minor Featuring Holly Brook,Fort Minor Featuring Holly Brook,Fort Minor Featuring Holly Brook,Fort Minor Featuring Holly Brook,Fort Minor Featuring Holly Brook,Fort Minor Featuring Holly Brook,Fort Minor Featuring Holly Brook,Fort Minor Featuring Holly Brook,Fort Minor Featuring Holly Brook,Fort Minor Featuring Holly Brook,Fort Minor Featuring Holly Brook,Fort Minor Featuring Holly Brook,Fort Minor Featuring Holly Brook,Fort Minor Featuring Holly Brook,Fat Joe Featuring Lil Wayne,Lil Wayne,Cobra Starship Featuring Leighton Meester,Jason Derulo,Taio Cruz,Adele,Macklemore & Ryan Lewis Featuring Mary Lambert,Kid Ink Featuring Chris Brown,Fall Out Boy,Charlie Puth,Ariana Grande Featuring Nicki Minaj,Migos Featuring Drake,Taylor Swift Featuring Brendon Urie
43,Chicago,Delaney & Bonnie & Friends,T. Rex,Wings,Anne Murray,Olivia Newton-John,Cliff Richard,Fleetwood Mac,Bob Seger & The Silver Bullet Band,Village People,Little River Band,Tierra,Huey Lewis & The News,Laura Branigan,The Pointer Sisters,Sheena Easton,Stacey Q,Fleetwood Mac,Pet Shop Boys & Dusty Springfield,Richard Marx,Michel'le,Chris Brown,Chris Brown,Chris Brown,Chris Brown,Chris Brown,Chris Brown,Chris Brown,Chris Brown,Chris Brown,Chris Brown,Chris Brown,Chris Brown,Chris Brown,Chris Brown,Chris Brown,Chris Brown,Fabolous Featuring Ne-Yo,Buckcherry,Kanye West,Justin Bieber Featuring Ludacris,Waka Flocka Flame Featuring Roscoe Dash & Wale,Usher,Calvin Harris Featuring Florence Welch,Miley Cyrus,Fetty Wap Featuring Monty,James Bay,Clean Bandit Featuring Sean Paul & Anne-Marie,Lil Pump,Bad Bunny Featuring Drake
44,White Plains,Freddie Hart,Paul Simon,Johnnie Taylor,Helen Reddy,Linda Ronstadt,Elvin Bishop,Heart,Toby Beau,Frank Mills,J.D. Souther,Styx,Paul Davis,Rick Springfield,Shannon,Whitney Houston,The Jets,Suzanne Vega,The Jets,Madonna,George Michael,Kelly Clarkson,Kelly Clarkson,Kelly Clarkson,Kelly Clarkson,Kelly Clarkson,Kelly Clarkson,Kelly Clarkson,Kelly Clarkson,Kelly Clarkson,Kelly Clarkson,Kelly Clarkson,Kelly Clarkson,Kelly Clarkson,Kelly Clarkson,Kelly Clarkson,Kelly Clarkson,Omarion,Webbie Featuring Lil' Phat & Lil' Boosie,P!nk,Adam Lambert,Britney Spears,Tyga,Lana Del Rey & Cedric Gervais,Justin Timberlake,Sam Hunt,Meghan Trainor,Portugal. The Man,G-Eazy & Halsey,Polo G Featuring Lil Tjay
45,Brotherhood Of Man,Three Dog Night,Al Green,Carpenters,William DeVaughn,The Blackbyrds,C.W. McCall,The Brothers Johnson,The Trammps,Charlie Daniels Band,Andy Gibb,Dottie West,Diana Ross,The Tubes,Julio Iglesias & Willie Nelson,Survivor,Orchestral Manoeuvres In The Dark,Richard Marx,Information Society,Dino,Michael Bolton,D4L,D4L,D4L,D4L,D4L,D4L,D4L,D4L,D4L,D4L,D4L,D4L,D4L,D4L,D4L,D4L,Hinder,T-Pain Featuring Lil Wayne,Pitbull,Taylor Swift,"DJ Khaled Featuring Drake, Rick Ross & Lil Wayne",Jessie J,Phillip Phillips,Katy Perry,Maroon 5,Zara Larsson & MNEK,DJ Snake Featuring Justin Bieber,Shawn Mendes,Luke Combs
46,Carpenters,The Honey Cone,Derek & The Dominos,Eric Weissberg & Steve Mandell,Johnny Bristol,Gladys Knight And The Pips,John Sebastian,Bob Seger & The Silver Bullet Band,George Benson,John Stewart,Pete Townshend,Journey,Alabama,Laura Branigan,Genesis,Diana Ross,Genesis,Kenny G,Taylor Dayne,Donny Osmond,Phil Collins,T.I.,T.I.,T.I.,T.I.,T.I.,T.I.,T.I.,T.I.,T.I.,T.I.,T.I.,T.I.,T.I.,T.I.,T.I.,T.I.,John Mayer,Alicia Keys,"Eminem, Dr. Dre & 50 Cent",Rihanna,Cobra Starship Featuring Sabi,PSY,Imagine Dragons,Paramore,Big Sean Featuring E-40,DJ Snake Featuring Justin Bieber,Demi Lovato,Kendrick Lamar & SZA,Blueface
47,Mark Lindsay,Cat Stevens,Aretha Franklin,Stevie Wonder,Mocedades,Melissa Manchester,"Earth, Wind & Fire",Helen Reddy,Styx,Wings,Steve Forbert,The Police,Royal Philharmonic Orchestra Conducted By Louis Clark,Styx,Lionel Richie,Prince And The Revolution,Sade,Europe,Debbie Gibson,Tears For Fears,After 7,The All-American Rejects,The All-American Rejects,The All-American Rejects,The All-American Rejects,The All-American Rejects,The All-American Rejects,The All-American Rejects,The All-American Rejects,The All-American Rejects,The All-American Rejects,The All-American Rejects,The All-American Rejects,The All-American Rejects,The All-American Rejects,The All-American Rejects,The All-American Rejects,Robin Thicke,Taylor Swift,Beyonce,Kris Allen,Chris Brown,Pitbull Featuring Chris Brown,J. Cole Featuring Miguel,Aloe Blacc,Rihanna,Kent Jones,21 Savage,Migos,Juice WRLD
48,James Taylor,Jerry Reed,Three Dog Night,Al Green,Golden Earring,Sugarloaf/Jerry Corbetta,Tavares,Marshall Tucker Band,Player,Sister Sledge,Anne Murray,Gary U.S. Bonds,"Crosby, Stills & Nash",Laura Branigan,Elton John,Billy Ocean,INXS,The System,Jody Watley,Madonna,M.C. Hammer,Nickelback,Nickelback,Nickelback,Nickelback,Nickelback,Nickelback,Nickelback,Nickelback,Nickelback,Nickelback,Nickelback,Nickelback,Nickelback,Nickelback,Nickelback,Nickelback,R. Kelly Or Bow Wow (Featuring T.I. & T-Pain),The Pussycat Dolls,Keri Hilson Featuring Lil Wayne,Rihanna Featuring Jeezy,Nicki Minaj Featuring Drake,Phillip Phillips,Alicia Keys Featuring Nicki Minaj,Florida Georgia Line Featuring Luke Bryan,Rich Homie Quan,Florida Georgia Line,Justin Timberlake,Sam Smith,Sheck Wes
49,Gene Chandler,Olivia Newton-John,Carpenters,Curtis Mayfield,Dave Loggins,Phoebe Snow,The Brothers Johnson,Kansas,Carly Simon,Bad Company,Eagles,Stevie Nicks With Tom Petty And The Heartbreakers,Eddie Money,David Bowie,Huey Lewis & The News,Don Henley,Stevie Nicks,Madonna,U2,White Lion,Phil Collins,Mariah Carey,Mariah Carey,Mariah Carey,Mariah Carey,Mariah Carey,Mariah Carey,Mariah Carey,Mariah Carey,Mariah Carey,Mariah Carey,Mariah Carey,Mariah Carey,Mariah Carey,Mariah Carey,Mariah Carey,Mariah Carey,Nickelback,Snoop Dogg,The Pussycat Dolls,Jay-Z + Mr. Hudson,Dr. Dre Featuring Eminem & Skylar Grey,David Guetta Featuring Usher,Demi Lovato,MKTO,T-Wayne,Charlie Puth Featuring Selena Gomez,J Balvin & Willy William Featuring Beyonce,Kendrick Lamar Featuring Zacari,Ed Sheeran Featuring Khalid
50,Santana,King Floyd,Nilsson,Edward Bear,Wet Willie,Ace,The Beach Boys,Eagles,Dolly Parton,Hot Chocolate,Isaac Hayes,Delbert McClinton,Donna Summer,The Kinks,Pat Benatar,Murray Head,Janet Jackson,Michael Jackson,Belinda Carlisle,Skid Row,Lou Gramm,Ne-Yo,Ne-Yo,Ne-Yo,Ne-Yo,Ne-Yo,Ne-Yo,Ne-Yo,Ne-Yo,Ne-Yo,Ne-Yo,Ne-Yo,Ne-Yo,Ne-Yo,Ne-Yo,Ne-Yo,Ne-Yo,Lloyd,Colby O'Donis Featuring Akon,Nickelback,Ke$ha Featuring 3OH!3,Nelly,Gym Class Heroes Featuring Neon Hitch,Maroon 5,Coldplay,"Nicki Minaj Featuring Drake, Lil Wayne & Chris Brown",Ariana Grande,Imagine Dragons,Childish Gambino,Gucci Mane X Bruno Mars X Kodak Black
51,The Guess Who,Bobby Goldsboro,Beverly Bremers,Gilbert O'Sullivan,Bobby Womack,B.T. Express,Captain & Tennille,Engelbert Humperdinck,Linda Ronstadt,Cher,Michael Jackson,Cliff Richard,Karla Bonoff,Naked Eyes,Rod Stewart,Sting,The Outfield,Prince,Terence Trent D'Arby,Duran Duran,Phil Collins,E-40 Featuring T-Pain & Kandi Girl,E-40 Featuring T-Pain & Kandi Girl,E-40 Featuring T-Pain & Kandi Girl,E-40 Featuring T-Pain & Kandi Girl,E-40 Featuring T-Pain & Kandi Girl,E-40 Featuring T-Pain & Kandi Girl,E-40 Featuring T-Pain & Kandi Girl,E-40 Featuring T-Pain & Kandi Girl,E-40 Featuring T-Pain & Kandi Girl,E-40 Featuring T-Pain & Kandi Girl,E-40 Featuring T-Pain & Kandi Girl,E-40 Featuring T-Pain & Kandi Girl,E-40 Featuring T-Pain & Kandi Girl,E-40 Featuring T-Pain & Kandi Girl,E-40 Featuring T-Pain & Kandi Girl,E-40 Featuring T-Pain & Kandi Girl,The Red Jumpsuit Apparatus,3 Doors Down,P!nk,Trey Songz Featuring Nicki Minaj,Kelly Rowland Featuring Lil Wayne,Hunter Hayes,Mumford & Sons,Ed Sheeran,Sia,Kiiara,Migos,Drake,Morgan Wallen
52,Elvis Presley,Matthews' Southern Comfort,Donny Osmond,Steely Dan,The O'Jays,Styx,Bay City Rollers,The Steve Miller Band,Steely Dan,"Earth, Wind & Fire",Irene Cara,Neil Diamond,Quincy Jones Featuring James Ingram,Little River Band,ZZ Top,Animotion,Wham!,Cyndi Lauper,Roger,Thirty Eight Special,Janet Jackson,Nickelback,Nickelback,Nickelback,Nickelback,Nickelback,Nickelback,Nickelback,Nickelback,Nickelback,Nickelback,Nickelback,Nickelback,Nickelback,Nickelback,Nickelback,Nickelback,Baby Boy Da Prince Featuring Lil Boosie,Leona Lewis,Lady Gaga,Jay Sean Featuring Sean Paul & Lil Jon,Edward Maya & Vika Jigulina,Luke Bryan,P!nk,Trey Songz,Demi Lovato,Bryson Tiller,Yo Gotti Featuring Nicki Minaj,Kane Brown,Blake Shelton
53,Creedence Clearwater Revival,Judy Collins,Jim Croce,Focus,Gladys Knight And The Pips,Grand Funk,Elton John,Burton Cummings,Anne Murray,Andy Gibb,Linda Ronstadt,John Cougar,Elton John,Air Supply,Rick Springfield,Tina Turner,Scritti Politti,Expose,Pebbles,Karyn White,After 7,Nick Lachey,Nick Lachey,Nick Lachey,Nick Lachey,Nick Lachey,Nick Lachey,Nick Lachey,Nick Lachey,Nick Lachey,Nick Lachey,Nick Lachey,Nick Lachey,Nick Lachey,Nick Lachey,Nick Lachey,Nick Lachey,Bow Wow Featuring Chris Brown & Johnta Austin,Soulja Boy Tell'em,Akon Featuring Colby O'Donis & Kardinal Offishall,OneRepublic,Christina Perri,2 Chainz Featuring Drake,Darius Rucker,Bobby Shmurda,X Ambassadors,Fetty Wap Featuring Remy Boyz,Shawn Mendes,Cardi B,Dean Lewis
54,B.J. Thomas,Bee Gees,Commander Cody & His Lost Planet Airmen,Carpenters,Cat Stevens,Alice Cooper,The Staple Singers,Elvis Presley,Little River Band,Bobby Caldwell,Benny Mardones,Christopher Cross,Go-Go's,Toto,Culture Club,Madonna,James Brown,Dan Hill (Duet With Vonda Shepard),Michael Jackson,Tone-Loc,Aerosmith,Field Mob Featuring Ciara,Field Mob Featuring Ciara,Field Mob Featuring Ciara,Field Mob Featuring Ciara,Field Mob Featuring Ciara,Field Mob Featuring Ciara,Field Mob Featuring Ciara,Field Mob Featuring Ciara,Field Mob Featuring Ciara,Field Mob Featuring Ciara,Field Mob Featuring Ciara,Field Mob Featuring Ciara,Field Mob Featuring Ciara,Field Mob Featuring Ciara,Field Mob Featuring Ciara,Field Mob Featuring Ciara,The All-American Rejects,Linkin Park,Coldplay,Orianthi,Wiz Khalifa,Cher Lloyd,PSY,Drake Featuring Majid Jordan,Usher Featuring Juicy J,Jeremih,Kodak Black,Lil Dicky Featuring Chris Brown,Mustard & Migos
55,Mountain,Denise LaSalle,Apollo 100,Bette Midler,Helen Reddy,Carol Douglas,George Benson,Barry Manilow,Jefferson Starship,Ace Frehley,Pure Prairie League,Queen,Sheena Easton,Christopher Cross,Huey Lewis & The News,Tina Turner,Cameo,Billy Idol,Pebbles,Natalie Cole,Digital Underground,Cherish Featuring Sean Paul Of The YoungBloodZ,Cherish Featuring Sean Paul Of The YoungBloodZ,Cherish Featuring Sean Paul Of The YoungBloodZ,Cherish Featuring Sean Paul Of The YoungBloodZ,Cherish Featuring Sean Paul Of The YoungBloodZ,Cherish Featuring Sean Paul Of The YoungBloodZ,Cherish Featuring Sean Paul Of The YoungBloodZ,Cherish Featuring Sean Paul Of The YoungBloodZ,Cherish Featuring Sean Paul Of The YoungBloodZ,Cherish Featuring Sean Paul Of The YoungBloodZ,Cherish Featuring Sean Paul Of The YoungBloodZ,Cherish Featuring Sean Paul Of The YoungBloodZ,Cherish Featuring Sean Paul Of The YoungBloodZ,Cherish Featuring Sean Paul Of The YoungBloodZ,Cherish Featuring Sean Paul Of The YoungBloodZ,Cherish Featuring Sean Paul Of The YoungBloodZ,Hurricane Chris,"Wyclef Jean Featuring Akon, Lil Wayne & Niia",Akon,Ludacris Featuring Nicki Minaj,LMFAO,Chris Brown,Calvin Harris Featuring Ellie Goulding,Ed Sheeran,Ariana Grande & The Weeknd,Selena Gomez,Post Malone Featuring 21 Savage,6ix9ine,Blanco Brown
56,Ike & Tina Turner & The Ikettes,Jackson 5,Carly Simon,Gilbert O'Sullivan,Elton John,Paul Anka with Odia Coates,Electric Light Orchestra,Ronnie Milsap,Eddie Money,Dire Straits,Genesis,The Alan Parsons Project,America,Bryan Adams,The Cars,Tears For Fears,Van Halen,Bruce Hornsby & The Range,Huey Lewis & The News,The Cure,Taylor Dayne,KT Tunstall,KT Tunstall,KT Tunstall,KT Tunstall,KT Tunstall,KT Tunstall,KT Tunstall,KT Tunstall,KT Tunstall,KT Tunstall,KT Tunstall,KT Tunstall,KT Tunstall,KT Tunstall,KT Tunstall,KT Tunstall,Ne-Yo,Ne-Yo,Jordin Sparks,Taylor Swift,Far*East Movement Featuring Ryan Tedder,Big Sean Featuring Nicki Minaj,Ke$ha,Imagine Dragons,Taylor Swift,Kevin Gates,Brett Young,Rich The Kid,"DJ Snake Featuring Selena Gomez, Ozuna & Cardi B"
57,Christie,The Partridge Family,Three Dog Night,Steely Dan,Ringo Starr,Bad Company,Silver,Foreigner,Shaun Cassidy,Chic,The Dirt Band,Steve Winwood,A Flock Of Seagulls,Kenny Loggins,Madonna,Harold Faltermeyer,Tina Turner,Swing Out Sister,INXS,Karyn White,Tom Petty,Juelz Santana,Juelz Santana,Juelz Santana,Juelz Santana,Juelz Santana,Juelz Santana,Juelz Santana,Juelz Santana,Juelz Santana,Juelz Santana,Juelz Santana,Juelz Santana,Juelz Santana,Juelz Santana,Juelz Santana,Juelz Santana,Bone Thugs-N-Harmony Featuring Akon,Secondhand Serenade,Flo Rida Featuring Wynter,The Black Eyed Peas,Kanye West,Eric Church,fun.,YG Featuring Jeezy & Rich Homie Quan,Sam Smith,The Weeknd Featuring Daft Punk,twenty one pilots,Maroon 5,Ellie Goulding X Diplo Featuring Swae Lee
58,100 Proof Aged in Soul,Gladys Knight And The Pips,Alice Cooper,Paul Simon,The O'Jays,James Taylor,Keith Carradine,Dean Friedman,John Travolta & Olivia Newton-John,McFadden & Whitehead,Carole King,Stevie Wonder,Jackson Browne,Lionel Richie,Bruce Springsteen,Sade,Baltimora,Ben E. King,Pretty Poison,The Jeff Healey Band,Pebbles,Young Dro Featuring T.I.,Young Dro Featuring T.I.,Young Dro Featuring T.I.,Young Dro Featuring T.I.,Young Dro Featuring T.I.,Young Dro Featuring T.I.,Young Dro Featuring T.I.,Young Dro Featuring T.I.,Young Dro Featuring T.I.,Young Dro Featuring T.I.,Young Dro Featuring T.I.,Young Dro Featuring T.I.,Young Dro Featuring T.I.,Young Dro Featuring T.I.,Young Dro Featuring T.I.,Young Dro Featuring T.I.,My Chemical Romance,Flo Rida Featuring will.i.am,Ne-Yo,Ke$ha,Britney Spears,Karmin,Wale Featuring Tiara Thomas Or Rihanna,Echosmith,DJ Snake & AlunaGeorge,DJ Khaled Featuring Drake,Halsey,Cardi B,Calboy
59,Robin McNamara,Paul Stookey,Chicago,Timmy Thomas,Eric Clapton,Orleans,Harold Melvin And The Blue Notes,Bread,Lynyrd Skynyrd,Little River Band,Donna Summer,Neil Diamond,Commodores,Elton John,Quiet Riot,Mary Jane Girls,Madonna,Genesis,New Edition,Guns N' Roses,Depeche Mode,Jamie Foxx Featuring Ludacris,Jamie Foxx Featuring Ludacris,Jamie Foxx Featuring Ludacris,Jamie Foxx Featuring Ludacris,Jamie Foxx Featuring Ludacris,Jamie Foxx Featuring Ludacris,Jamie Foxx Featuring Ludacris,Jamie Foxx Featuring Ludacris,Jamie Foxx Featuring Ludacris,Jamie Foxx Featuring Ludacris,Jamie Foxx Featuring Ludacris,Jamie Foxx Featuring Ludacris,Jamie Foxx Featuring Ludacris,Jamie Foxx Featuring Ludacris,Jamie Foxx Featuring Ludacris,Jamie Foxx Featuring Ludacris,Plies Featuring T-Pain,John Mayer,Owl City,Drake,Usher,Gavin DeGraw,Blake Shelton Featuring Pistol Annies & Friends,Avicii,Fall Out Boy,Flume Featuring Kai,Amine,Selena Gomez X Marshmello,Lauren Daigle
60,The Supremes,Richie Havens,Joe Simon,Tower Of Power,Paul McCartney And Wings,Average White Band,War,Meco,Crystal Gayle,Styx,Billy Joel,The Police,Paul McCartney,Loverboy,Irene Cara,Phil Collins,Timex Social Club,Glass Tiger,The Jets,Eddie Money,Tesla,Justin Timberlake Featuring T.I.,Justin Timberlake Featuring T.I.,Justin Timberlake Featuring T.I.,Justin Timberlake Featuring T.I.,Justin Timberlake Featuring T.I.,Justin Timberlake Featuring T.I.,Justin Timberlake Featuring T.I.,Justin Timberlake Featuring T.I.,Justin Timberlake Featuring T.I.,Justin Timberlake Featuring T.I.,Justin Timberlake Featuring T.I.,Justin Timberlake Featuring T.I.,Justin Timberlake Featuring T.I.,Justin Timberlake Featuring T.I.,Justin Timberlake Featuring T.I.,Justin Timberlake Featuring T.I.,Snow Patrol,Jordin Sparks,Linkin Park,Neon Trees,Avril Lavigne,Gym Class Heroes Featuring Adam Levine,Phillip Phillips,Jason Derulo,Beyonce,The Weeknd,Ayo & Teo,Cardi B Featuring 21 Savage,Panic! At The Disco
61,Creedence Clearwater Revival,Wadsworth Mansion,Bill Withers,The Temptations,Elton John,Gloria Gaynor,John Travolta,The Floaters,Robert Palmer,England Dan & John Ford Coley,Neil Sedaka & Dara Sedaka,Steely Dan,Deniece Williams,Men At Work,Tracey Ullman,Cyndi Lauper,The Dream Academy,ABC,Peter Cetera,New Kids On The Block,Bad English,Eminem Featuring Nate Dogg,Eminem Featuring Nate Dogg,Eminem Featuring Nate Dogg,Eminem Featuring Nate Dogg,Eminem Featuring Nate Dogg,Eminem Featuring Nate Dogg,Eminem Featuring Nate Dogg,Eminem Featuring Nate Dogg,Eminem Featuring Nate Dogg,Eminem Featuring Nate Dogg,Eminem Featuring Nate Dogg,Eminem Featuring Nate Dogg,Eminem Featuring Nate Dogg,Eminem Featuring Nate Dogg,Eminem Featuring Nate Dogg,Eminem Featuring Nate Dogg,Beyonce & Shakira,Rihanna Featuring Ne-Yo,Jay-Z + Alicia Keys,Maroon 5,Tinie Tempah Featuring Eric Turner,Pitbull,Imagine Dragons,Maroon 5,Selena Gomez,Meghan Trainor,Kendrick Lamar,Ariana Grande,Post Malone
62,The Temptations,Brenda & The Tabulations,Sly & The Family Stone,Helen Reddy,Mike Oldfield,Paul Anka,Sweet,David Dundas,Barry Manilow,Cheryl Lynn,Charlie Dore,Stevie Wonder,Kenny Rogers,Culture Club,Billy Joel,Bryan Adams,Miami Sound Machine,Levert,Cheap Trick,Guns N' Roses,Tyler Collins,Chingy Featuring Tyrese,Chingy Featuring Tyrese,Chingy Featuring Tyrese,Chingy Featuring Tyrese,Chingy Featuring Tyrese,Chingy Featuring Tyrese,Chingy Featuring Tyrese,Chingy Featuring Tyrese,Chingy Featuring Tyrese,Chingy Featuring Tyrese,Chingy Featuring Tyrese,Chingy Featuring Tyrese,Chingy Featuring Tyrese,Chingy Featuring Tyrese,Chingy Featuring Tyrese,Chingy Featuring Tyrese,Justin Timberlake,Lupe Fiasco Featuring Matthew Santos,Daughtry,B.o.B Featuring Rivers Cuomo,Trey Songz Featuring Nicki Minaj,J. Cole,OneRepublic,Jason Aldean,Little Big Town,Elle King,Zay Hilfigerrr & Zayion McCall,"YG Featuring 2 Chainz, Big Sean & Nicki Minaj",Luke Combs
63,Tom Jones,The Doors,Joe Simon,Spinners,Anne Murray,Donny & Marie Osmond,Fleetwood Mac,Boz Scaggs,Rick James,Patrick Hernandez,Linda Ronstadt,George Harrison,Journey,Debarge,Bananarama,Bruce Springsteen,ZZ Top,Gloria Estefan & Miami Sound Machine,Elton John,Surface,Chicago,Kelis Featuring Too $hort,Kelis Featuring Too $hort,Kelis Featuring Too $hort,Kelis Featuring Too $hort,Kelis Featuring Too $hort,Kelis Featuring Too $hort,Kelis Featuring Too $hort,Kelis Featuring Too $hort,Kelis Featuring Too $hort,Kelis Featuring Too $hort,Kelis Featuring Too $hort,Kelis Featuring Too $hort,Kelis Featuring Too $hort,Kelis Featuring Too $hort,Kelis Featuring Too $hort,Kelis Featuring Too $hort,Avril Lavigne,J. Holiday,Shakira,Lady Gaga,Usher Featuring Pitbull,Adele,Flo Rida,Luke Bryan,Trey Songz,Thomas Rhett,Rae Sremmurd,Demi Lovato,"Young Thug, J. Cole & Travis Scott"
64,"Crosby, Stills, Nash & Young",Perry Como,Jerry Butler & Brenda Lee Eager,Donna Fargo,Todd Rundgren,Joe Simon,The Beatles,Bay City Rollers,"Earth, Wind & Fire",Electric Light Orchestra,Michael Jackson,Eddie Rabbitt,Barbra Streisand,Sammy Hagar,Wang Chung,Kool & The Gang,The Cars,The Whispers,Foreigner,R.E.M.,Skid Row,Jibbs,Jibbs,Jibbs,Jibbs,Jibbs,Jibbs,Jibbs,Jibbs,Jibbs,Jibbs,Jibbs,Jibbs,Jibbs,Jibbs,Jibbs,Jibbs,Keyshia Cole Featuring Missy Elliott & Lil Kim,Kevin Rudolf Featuring Lil Wayne,Mario Featuring Gucci Mane & Sean Garrett,New Boyz Featuring Ray J,The Script,Calvin Harris Featuring Ne-Yo,Of Monsters And Men,Tinashe Featuring ScHoolboy Q,One Direction,Post Malone,Drake,Charlie Puth,Daddy Yankee & Katy Perry Featuring Snow
65,Dionne Warwick,Song,Harry Chapin,Ohio Players,Tom T. Hall,Queen,Bee Gees,Electric Light Orchestra,Bob Welch,Anne Murray,Peaches & Herb,Billy Squier,Laura Branigan,Dionne Warwick,The Pointer Sisters,Eurythmics,Sheila E.,Bon Jovi,Keith Sweat,Lita Ford (Duet With Ozzy Osbourne),Technotronic,Akon Featuring Eminem,Akon Featuring Eminem,Akon Featuring Eminem,Akon Featuring Eminem,Akon Featuring Eminem,Akon Featuring Eminem,Akon Featuring Eminem,Akon Featuring Eminem,Akon Featuring Eminem,Akon Featuring Eminem,Akon Featuring Eminem,Akon Featuring Eminem,Akon Featuring Eminem,Akon Featuring Eminem,Akon Featuring Eminem,Akon Featuring Eminem,Timbaland Featuring OneRepublic,David Banner Featuring Chris Brown,Beyonce,Nicki Minaj,Blake Shelton,Carrie Underwood,Jason Derulo,Florida Georgia Line,Nicki Minaj Featuring Drake & Lil Wayne,Nick Jonas Featuring Tove Lo,Kendrick Lamar Featuring Rihanna,MAX Featuring gnash,YNW Melly
66,B.B. King,Song,Bobby Vinton,The Rolling Stones,The Guess Who,Eddie Kendricks,"Earth, Wind & Fire",Supertramp,Le Blanc & Carr,Ian Matthews,Eagles,Alabama,Elton John,Journey,Ray Parker Jr.,ABC,Genesis,Peter Gabriel,Natalie Cole,Tiffany,Gloria Estefan,Ray J,Ray J,Ray J,Ray J,Ray J,Ray J,Ray J,Ray J,Ray J,Ray J,Ray J,Ray J,Ray J,Ray J,Ray J,Ray J,Colbie Caillat,Colbie Caillat,Young Money,Miley Cyrus,Jason Aldean With Kelly Clarkson,Little Big Town,Eminem,OneRepublic,Ariana Grande,X Ambassadors,Kesha,Khalid,Billie Eilish
67,Glen Campbell,Song,Todd Rundgren,Lobo,Jim Croce,Electric Light Orchestra,Orleans,Bee Gees,Santa Esmeralda,KISS,Mickey Gilley,Dan Fogelberg,Neil Diamond,Joe Jackson,Madonna,Paul McCartney,Regina,Steve Winwood,Tracy Chapman,Bobby Brown,Faith No More,Fall Out Boy,Fall Out Boy,Fall Out Boy,Fall Out Boy,Fall Out Boy,Fall Out Boy,Fall Out Boy,Fall Out Boy,Fall Out Boy,Fall Out Boy,Fall Out Boy,Fall Out Boy,Fall Out Boy,Fall Out Boy,Fall Out Boy,Fall Out Boy,Ciara,Young Jeezy Featuring Kanye West,Colbie Caillat,Chris Brown Featuring Tyga & Kevin McCall,Rihanna Featuring Calvin Harris,The Lumineers,Kelly Clarkson,Brantley Gilbert,Nick Jonas,"Lil Wayne, Wiz Khalifa & Imagine Dragons With Logic & Ty Dolla $ign Feat. X Ambassadors",Travis Scott,Calvin Harris & Dua Lipa,City Girls
68,Aretha Franklin,Song,Sailcat,The Stylistics,Sister Janet Mead,Al Green,Queen,Alice Cooper,Michael Johnson,Gino Vannelli,Pat Benatar,Pablo Cruise,Joan Jett & the Blackhearts,Quarterflash,John Lennon,Survivor,Arcadia,Expose,Icehouse,Aerosmith,Mariah Carey,Chris Brown Featuring Lil Wayne,Chris Brown Featuring Lil Wayne,Chris Brown Featuring Lil Wayne,Chris Brown Featuring Lil Wayne,Chris Brown Featuring Lil Wayne,Chris Brown Featuring Lil Wayne,Chris Brown Featuring Lil Wayne,Chris Brown Featuring Lil Wayne,Chris Brown Featuring Lil Wayne,Chris Brown Featuring Lil Wayne,Chris Brown Featuring Lil Wayne,Chris Brown Featuring Lil Wayne,Chris Brown Featuring Lil Wayne,Chris Brown Featuring Lil Wayne,Chris Brown Featuring Lil Wayne,Chris Brown Featuring Lil Wayne,P!nk,David Cook,The Veronicas,Britney Spears,Keri Hilson,Coldplay,Luke Bryan,Becky G,Meek Mill Featuring Chris Brown & Nicki Minaj,Yo Gotti Featuring Nicki Minaj,Maroon 5 Featuring Future,Imagine Dragons,"Cardi B, Bad Bunny & J Balvin"
69,Song,Song,Godspell,Jud Strunk,Lamont Dozier,America,Jefferson Starship,Carly Simon,Jackson Browne,Linda Ronstadt,Eddie Rabbitt,Electric Light Orchestra,The Police,Stray Cats,Culture Club,Wham!,Elton John,Survivor,Bruce Hornsby & The Range,Bon Jovi,Cher,Yung Joc Featuring Brandy 'Ms. B.' Hambrick,Yung Joc Featuring Brandy 'Ms. B.' Hambrick,Yung Joc Featuring Brandy 'Ms. B.' Hambrick,Yung Joc Featuring Brandy 'Ms. B.' Hambrick,Yung Joc Featuring Brandy 'Ms. B.' Hambrick,Yung Joc Featuring Brandy 'Ms. B.' Hambrick,Yung Joc Featuring Brandy 'Ms. B.' Hambrick,Yung Joc Featuring Brandy 'Ms. B.' Hambrick,Yung Joc Featuring Brandy 'Ms. B.' Hambrick,Yung Joc Featuring Brandy 'Ms. B.' Hambrick,Yung Joc Featuring Brandy 'Ms. B.' Hambrick,Yung Joc Featuring Brandy 'Ms. B.' Hambrick,Yung Joc Featuring Brandy 'Ms. B.' Hambrick,Yung Joc Featuring Brandy 'Ms. B.' Hambrick,Yung Joc Featuring Brandy 'Ms. B.' Hambrick,Yung Joc Featuring Brandy 'Ms. B.' Hambrick,Kelly Clarkson,"Three 6 Mafia Featuring Project Pat, Young D & Superpower",Nickelback,Shontelle,Lady Gaga,Carrie Underwood,Rihanna,Rixton,Rae Sremmurd,Tory Lanez,D.R.A.M. Featuring Lil Yachty,Jason Aldean,SHAED
70,Song,Song,Yes,Deodato,Charlie Rich,Mike Post,Foghat,The Sylvers,Foxy,"Earth, Wind & Fire",Supertramp,John Schneider,Air Supply,Champaign,Christopher Cross,Julian Lennon,Phil Collins,Herb Alpert,Bobby Brown,When In Rome,Milli Vanilli,Bon Jovi,Bon Jovi,Bon Jovi,Bon Jovi,Bon Jovi,Bon Jovi,Bon Jovi,Bon Jovi,Bon Jovi,Bon Jovi,Bon Jovi,Bon Jovi,Bon Jovi,Bon Jovi,Bon Jovi,Bon Jovi,Ciara,Baby Bash Featuring T-Pain,Fabolous Featuring The-Dream,"Drake Featuring Kanye West, Lil Wayne & Eminem",Far*East Movement Featuring Cataracs & Dev,Adele,Taylor Swift,Martin Garrix,Vance Joy,Beyonce,Calvin Harris Featuring Frank Ocean & Migos,Ed Sheeran,Flipp Dinero
71,Song,Song,Jackson Browne,Johnny Nash,Jim Stafford,Tavares,Ohio Players,Kenny Nolan,Joe Walsh,Al Stewart,Fleetwood Mac,Pat Benatar,Michael McDonald,Shalamar,Debarge,Julian Lennon,Run-D.M.C.,Expose,Brenda Russell Featuring Joe Esposito,Edie Brickell & New Bohemians,Dino,JoJo,JoJo,JoJo,JoJo,JoJo,JoJo,JoJo,JoJo,JoJo,JoJo,JoJo,JoJo,JoJo,JoJo,JoJo,JoJo,J. Holiday,Natasha Bedingfield Featuring Sean Kingston,Boys Like Girls,Boys Like Girls Featuring Taylor Swift,David Guetta Featuring Usher,Usher,Hunter Hayes,Rich Gang Featuring Young Thug & Rich Homie Quan,Jidenna Featuring Roman GianArthur,The Weeknd,Kane Brown Featuring Lauren Alaina,Gucci Mane Featuring Migos,Ariana Grande
72,Song,Song,Detroit Emeralds,Pink Floyd,Paul McCartney And Wings,Ringo Starr,Thin Lizzy,Joe Tex,High Inergy,Herb Alpert,Boz Scaggs,Santana,Kool & The Gang,Jackson Browne,The Police,The Power Station,Anita Baker,Fleetwood Mac,Van Halen,Boys Club,Black Box,Busta Rhymes,Busta Rhymes,Busta Rhymes,Busta Rhymes,Busta Rhymes,Busta Rhymes,Busta Rhymes,Busta Rhymes,Busta Rhymes,Busta Rhymes,Busta Rhymes,Busta Rhymes,Busta Rhymes,Busta Rhymes,Busta Rhymes,Busta Rhymes,Rich Boy Featuring Polow Da Don,Jonas Brothers,Asher Roth,3OH!3 Featuring Ke$ha,Taylor Swift,Wiz Khalifa,Ylvis,Kenny Chesney,Elle King,Coldplay,Katy Perry Featuring Skip Marley,"DJ Khaled Featuring Justin Bieber, Chance The Rapper & Quavo",Billie Eilish
73,Song,Song,Rick Springfield,War,Diana Ross And Marvin Gaye,Jethro Tull,David Ruffin,Rose Royce,Linda Ronstadt,Electric Light Orchestra,Neil Diamond,Barbra Streisand & Barry Gibb,Ronnie Milsap,Moving Pictures,Ratt,Ashford & Simpson,The Moody Blues,Lou Gramm,Paul Carrack,Guns N' Roses,Billy Joel,Daddy Yankee,Daddy Yankee,Daddy Yankee,Daddy Yankee,Daddy Yankee,Daddy Yankee,Daddy Yankee,Daddy Yankee,Daddy Yankee,Daddy Yankee,Daddy Yankee,Daddy Yankee,Daddy Yankee,Daddy Yankee,Daddy Yankee,Daddy Yankee,Amy Winehouse,Kanye West,Britney Spears,Kelly Clarkson,Katy Perry,Ne-Yo,One Direction,Sara Bareilles,Meghan Trainor,Tory Lanez,"Calvin Harris Featuring Pharrell Williams, Katy Perry & Big Sean",A$AP Ferg Featuring Nicki Minaj,Lil Baby
74,Song,Song,Song,War,Jim Stafford,Leo Sayer,Peter Frampton,Queen,Odyssey,Eric Clapton,George Benson,John Lennon,Olivia Newton-John,Michael Jackson,Go-Go's,Madonna,Paul McCartney,Crowded House,Sting,Samantha Fox,Babyface,Beyonce Featuring Jay Z,Beyonce Featuring Jay Z,Beyonce Featuring Jay Z,Beyonce Featuring Jay Z,Beyonce Featuring Jay Z,Beyonce Featuring Jay Z,Beyonce Featuring Jay Z,Beyonce Featuring Jay Z,Beyonce Featuring Jay Z,Beyonce Featuring Jay Z,Beyonce Featuring Jay Z,Beyonce Featuring Jay Z,Beyonce Featuring Jay Z,Beyonce Featuring Jay Z,Beyonce Featuring Jay Z,Beyonce Featuring Jay Z,T.I.,The-Dream,Jason Aldean,The Black Eyed Peas,Eli Young Band,Nicki Minaj,Ed Sheeran,The Neighbourhood,Charlie Puth Featuring Meghan Trainor,Travis Scott,Jon Bellion,Miguel Featuring Travis Scott,Pinkfong
75,Song,Song,Song,The Pointer Sisters,First Class,Ray Stevens,Candi Staton,Captain & Tennille,Parliament,Roger Voudoris,Anne Murray,Heart,Kool & The Gang,Def Leppard,Billy Joel,Bruce Springsteen,Starpoint,Bryan Adams,Joan Jett & the Blackhearts,Rick Astley,Paul Young,Rascal Flatts,Rascal Flatts,Rascal Flatts,Rascal Flatts,Rascal Flatts,Rascal Flatts,Rascal Flatts,Rascal Flatts,Rascal Flatts,Rascal Flatts,Rascal Flatts,Rascal Flatts,Rascal Flatts,Rascal Flatts,Rascal Flatts,Rascal Flatts,Alicia Keys,David Archuleta,Taylor Swift,OneRepublic,Rihanna,Kenny Chesney,fun.,Sam Hunt,Meghan Trainor Featuring John Legend,Ruth B,Luke Combs,Thomas Rhett,Saweetie
76,Song,Song,Song,Edgar Winter Group,War,Elton John,Neil Sedaka,Aerosmith,Boston,Ambrosia,Kenny Rogers,Ronnie Milsap,Diana Ross,Musical Youth,Kool & The Gang,Debarge,Daryl Hall,Glenn Medeiros,Foreigner,Vanessa Williams,Paula Abdul,Evanescence,Evanescence,Evanescence,Evanescence,Evanescence,Evanescence,Evanescence,Evanescence,Evanescence,Evanescence,Evanescence,Evanescence,Evanescence,Evanescence,Evanescence,Evanescence,Boys Like Girls,Plies Featuring Akon,Rihanna,Selena Gomez & The Scene,Selena Gomez & The Scene,Trey Songz,Tim McGraw With Taylor Swift,Chris Brown Featuring Usher & Rick Ross,Tove Lo,Ariana Grande Featuring Nicki Minaj,Sam Smith,"benny blanco, Halsey & Khalid",YK Osiris
77,Song,Song,Song,David Bowie,The Stylistics,Neil Sedaka,Bay City Rollers,Al Stewart,Electric Light Orchestra,Eddie Rabbitt,Fleetwood Mac,Barry Manilow,Go-Go's,Spandau Ballet,Christine McVie,Heart,Force M.D.'s,Bruce Springsteen,Al B. Sure!,Babyface,The Cover Girls,Carrie Underwood,Carrie Underwood,Carrie Underwood,Carrie Underwood,Carrie Underwood,Carrie Underwood,Carrie Underwood,Carrie Underwood,Carrie Underwood,Carrie Underwood,Carrie Underwood,Carrie Underwood,Carrie Underwood,Carrie Underwood,Carrie Underwood,Carrie Underwood,Unk,Fergie,Green Day,Alicia Keys,Jake Owen,Kirko Bangz,Luke Bryan,Michael Jackson & Justin Timberlake,James Newton Howard Featuring Jennifer Lawrence,Daya,Khalid,The Weeknd,Jonas Brothers
78,Song,Song,Song,Albert Hammond,Olivia Newton-John,Carpenters,Parliament,Heatwave,Eruption,Rex Smith,Prince,Olivia Newton-John And Cliff Richard,Van Halen,Frank Stallone,Shalamar,David Lee Roth,Thompson Twins,Smokey Robinson,Steve Winwood,Alice Cooper,Michael Bolton,Danity Kane,Danity Kane,Danity Kane,Danity Kane,Danity Kane,Danity Kane,Danity Kane,Danity Kane,Danity Kane,Danity Kane,Danity Kane,Danity Kane,Danity Kane,Danity Kane,Danity Kane,Danity Kane,Paula DeAnda Featuring The DEY,Kanye West Featuring T-Pain,Soulja Boy Tell'em,"DJ Khaled Featuring T-Pain, Ludacris, Snoop Dogg & Rick Ross",Zac Brown Band Featuring Jimmy Buffett,Rihanna Featuring Chris Brown,Kendrick Lamar,Dierks Bentley,O.T. Genasis,Taylor Swift,Playboi Carti,"Jay Rock, Kendrick Lamar, Future & James Blake",Luke Bryan
79,Song,Song,Song,Donny Osmond,Chicago,Ringo Starr,Larry Groce,Fleetwood Mac,Bob Welch,Alice Cooper,The Charlie Daniels Band,Sheena Easton,The Pointer Sisters,Stephen Bishop,The Rolling Stones,Kool & The Gang,Lionel Richie,Heart,Whitney Houston,Donna Summer,Keith Sweat,Ciara Featuring Chamillionaire,Ciara Featuring Chamillionaire,Ciara Featuring Chamillionaire,Ciara Featuring Chamillionaire,Ciara Featuring Chamillionaire,Ciara Featuring Chamillionaire,Ciara Featuring Chamillionaire,Ciara Featuring Chamillionaire,Ciara Featuring Chamillionaire,Ciara Featuring Chamillionaire,Ciara Featuring Chamillionaire,Ciara Featuring Chamillionaire,Ciara Featuring Chamillionaire,Ciara Featuring Chamillionaire,Ciara Featuring Chamillionaire,Ciara Featuring Chamillionaire,Young Jeezy Featuring R. Kelly,Britney Spears,The-Dream,"Kevin Rudolf Featuring Birdman, Jay Sean, & Lil Wayne",Luke Bryan,B.o.B,Blake Shelton,Katy Perry,"Jessie J, Ariana Grande & Nicki Minaj",DJ Snake Featuring Bipolar Sunshine,SZA Featuring Travis Scott,Marshmello & Bastille,Ella Mai
80,Song,Song,Song,Song,Fancy,Amazing Rhythm Aces,Barry Manilow,Elton John,ABBA,Foreigner,Boz Scaggs,The Beach Boys,Billy Idol,Peabo Bryson & Roberta Flack,John Cafferty & The Beaver Brown Band,Jermaine Jackson,George Michael,Bruce Willis,Gloria Estefan & Miami Sound Machine,Michael Jackson,New Kids On The Block,Sean Paul,Sean Paul,Sean Paul,Sean Paul,Sean Paul,Sean Paul,Sean Paul,Sean Paul,Sean Paul,Sean Paul,Sean Paul,Sean Paul,Sean Paul,Sean Paul,Sean Paul,Sean Paul,Hellogoodbye,Taylor Swift,Zac Brown Band,Sugarland,Brad Paisley Duet With Carrie Underwood,Train,Mariah Carey Featuring Miguel,Lady Antebellum,Sam Smith,Ellie Goulding,A Boogie Wit da Hoodie Featuring Kodak Black,"Casper Magico, Nio Garcia, Darell, Nicky Jam, Ozuna & Bad Bunny",Lee Brice
81,Song,Song,Song,Song,Song,Bachman-Turner Overdrive,KISS,B.J. Thomas,Rita Coolidge,Barry Manilow,Barry Manilow,Devo,Kim Wilde,Joe Jackson,Duran Duran,The Time,Toto,Kool & The Gang,George Michael,Bobby Brown,Aerosmith,Blue October,Blue October,Blue October,Blue October,Blue October,Blue October,Blue October,Blue October,Blue October,Blue October,Blue October,Blue October,Blue October,Blue October,Blue October,Blue October,Pretty Ricky,Mary J. Blige,Beyonce,Usher Featuring Plies,Dev,Toby Keith,Olly Murs Featuring Flo Rida,Naughty Boy Featuring Sam Smith,I LOVE MAKONNEN Featuring Drake,Drake Featuring The Throne,Hailee Steinfeld & Grey Featuring Zedd,Florida Georgia Line,A Boogie Wit da Hoodie Featuring 6ix9ine
82,Song,Song,Song,Song,Song,Frankie Valli,Rick Dees,ABBA,Bob Seger & The Silver Bullet Band,Bob Seger,Joe Walsh,Sheena Easton,Little River Band,"Earth, Wind & Fire",Peter Schilling,Bruce Springsteen,Stevie Wonder,Huey Lewis & The News,Brenda K. Starr,Expose,KISS,Lifehouse,Lifehouse,Lifehouse,Lifehouse,Lifehouse,Lifehouse,Lifehouse,Lifehouse,Lifehouse,Lifehouse,Lifehouse,Lifehouse,Lifehouse,Lifehouse,Lifehouse,Lifehouse,Gwen Stefani,Britney Spears,Iyaz,Usher,New Boyz Featuring The Cataracs & Dev,Selena Gomez & The Scene,Ciara,Robin Thicke Featuring T.I. + Pharrell,iLoveMemphis,Adele,Gucci Mane Featuring Drake,N*E*R*D & Rihanna,Sam Smith
83,Song,Song,Song,Song,Song,Song,The Steve Miller Band,Leo Sayer,Steely Dan,Van Halen,Song,Gary Wright,Michael Murphey,Song,The Cars,Tina Turner,Song,The Breakfast Club,Cher,Don Henley,The Time,The Pussycat Dolls Featuring will.i.am,The Pussycat Dolls Featuring will.i.am,The Pussycat Dolls Featuring will.i.am,The Pussycat Dolls Featuring will.i.am,The Pussycat Dolls Featuring will.i.am,The Pussycat Dolls Featuring will.i.am,The Pussycat Dolls Featuring will.i.am,The Pussycat Dolls Featuring will.i.am,The Pussycat Dolls Featuring will.i.am,The Pussycat Dolls Featuring will.i.am,The Pussycat Dolls Featuring will.i.am,The Pussycat Dolls Featuring will.i.am,The Pussycat Dolls Featuring will.i.am,The Pussycat Dolls Featuring will.i.am,The Pussycat Dolls Featuring will.i.am,The Pussycat Dolls Featuring will.i.am,Baby Bash Featuring T-Pain,Rick Ross Featuring T-Pain,Brad Paisley,Taylor Swift,Drake,Chris Brown,Miguel,Lady Gaga Featuring R. Kelly,"Macklemore & Ryan Lewis Featuring Eric Nally, Melle Mel, Kool Moe Dee & Grandmaster Caz",Daya,P!nk,Logic Featuring Alessia Cara & Khalid,Lil Baby & DaBaby
84,Song,Song,Song,Song,Song,Song,The Who,London Symphony Orchestra,Song,Nigel Olsson,Song,Rosanne Cash,The Rolling Stones,Song,Night Ranger,Aretha Franklin,Song,Lionel Richie,INXS,Soul II Soul (Featuring Caron Wheeler),Biz Markie,"Dem Franchize Boyz Featuring Jermaine Dupri, Da Brat & Bow Wow","Dem Franchize Boyz Featuring Jermaine Dupri, Da Brat & Bow Wow","Dem Franchize Boyz Featuring Jermaine Dupri, Da Brat & Bow Wow","Dem Franchize Boyz Featuring Jermaine Dupri, Da Brat & Bow Wow","Dem Franchize Boyz Featuring Jermaine Dupri, Da Brat & Bow Wow","Dem Franchize Boyz Featuring Jermaine Dupri, Da Brat & Bow Wow","Dem Franchize Boyz Featuring Jermaine Dupri, Da Brat & Bow Wow","Dem Franchize Boyz Featuring Jermaine Dupri, Da Brat & Bow Wow","Dem Franchize Boyz Featuring Jermaine Dupri, Da Brat & Bow Wow","Dem Franchize Boyz Featuring Jermaine Dupri, Da Brat & Bow Wow","Dem Franchize Boyz Featuring Jermaine Dupri, Da Brat & Bow Wow","Dem Franchize Boyz Featuring Jermaine Dupri, Da Brat & Bow Wow","Dem Franchize Boyz Featuring Jermaine Dupri, Da Brat & Bow Wow","Dem Franchize Boyz Featuring Jermaine Dupri, Da Brat & Bow Wow","Dem Franchize Boyz Featuring Jermaine Dupri, Da Brat & Bow Wow","Dem Franchize Boyz Featuring Jermaine Dupri, Da Brat & Bow Wow",Rihanna & Sean Paul,Kid Rock,Rob Thomas,Timbaland Featuring Drake,Beyonce,Ke$ha,The Script Featuring will.i.am,Shakira Featuring Rihanna,Sam Hunt,Major Lazer & DJ Snake Featuring MO,Jason Derulo Featuring Nicki Minaj & Ty Dolla $ign,Justin Timberlake Featuring Chris Stapleton,Thomas Rhett
85,Song,Song,Song,Song,Song,Song,Glen Campbell,C.J. & Company,Song,Diana Ross,Song,Diana Ross,Stevie Wonder,Song,Billy Squier,Sting,Song,Kenny Loggins,Steve Winwood,Song,Motley Crue,Chris Brown,Chris Brown,Chris Brown,Chris Brown,Chris Brown,Chris Brown,Chris Brown,Chris Brown,Chris Brown,Chris Brown,Chris Brown,Chris Brown,Chris Brown,Chris Brown,Chris Brown,Chris Brown,Lifehouse,Trey Songz,Jesse McCartney Featuring Ludacris,Beyonce,Jason Derulo,T-Pain Featuring Wiz Khalifa & Lily Allen,Ne-Yo,5 Seconds Of Summer,Chris Brown & Tyga,Shawn Mendes & Camila Cabello,Migos Featuring Gucci Mane,Drake,Kane Brown
86,Song,Song,Song,Song,Song,Song,Song,Song,Song,Commodores,Song,Boz Scaggs,Loverboy,Song,James Ingram With Michael McDonald,Lionel Richie,Song,Cutting Crew,David Lee Roth,Song,Jive Bunny & The Mastermixers,John Mayer,John Mayer,John Mayer,John Mayer,John Mayer,John Mayer,John Mayer,John Mayer,John Mayer,John Mayer,John Mayer,John Mayer,John Mayer,John Mayer,John Mayer,John Mayer,50 Cent Featuring Justin Timberlake & Timbaland,Gavin DeGraw,Britney Spears,Kings Of Leon,David Guetta Featuring Flo Rida & Nicki Minaj,Christina Perri,Rocko Featuring Future & Rick Ross,T.I. Featuring Iggy Azalea,Luke Bryan,Silento,Harry Styles,Kenny Chesney,Offset Featuring Cardi B
87,Song,Song,Song,Song,Song,Song,Song,Song,Song,Firefall,Song,Andy Gibb,Greg Guidry,Song,Song,Don Henley,Song,Beastie Boys,Poison,Song,Prince,Young Jeezy Featuring Akon,Young Jeezy Featuring Akon,Young Jeezy Featuring Akon,Young Jeezy Featuring Akon,Young Jeezy Featuring Akon,Young Jeezy Featuring Akon,Young Jeezy Featuring Akon,Young Jeezy Featuring Akon,Young Jeezy Featuring Akon,Young Jeezy Featuring Akon,Young Jeezy Featuring Akon,Young Jeezy Featuring Akon,Young Jeezy Featuring Akon,Young Jeezy Featuring Akon,Young Jeezy Featuring Akon,Young Jeezy Featuring Akon,Bow Wow Featuring T-Pain & Johnta Austin,The Game Featuring Lil Wayne,"Drake Featuring Kanye West, Lil Wayne & Eminem",Carrie Underwood,Chris Brown,Jason Aldean,Emeli Sande,KONGOS,Big Sean Featuring Drake,Chris Brown,Adele,XXXTENTACION,Khalid & Normani
88,Song,Song,Song,Song,Song,Song,Song,Song,Song,Song,Song,Song,Christopher Cross,Song,Song,Night Ranger,Song,Pseudo Echo,White Lion,Song,Mellow Man Ace,The Black Eyed Peas,The Black Eyed Peas,The Black Eyed Peas,The Black Eyed Peas,The Black Eyed Peas,The Black Eyed Peas,The Black Eyed Peas,The Black Eyed Peas,The Black Eyed Peas,The Black Eyed Peas,The Black Eyed Peas,The Black Eyed Peas,The Black Eyed Peas,The Black Eyed Peas,The Black Eyed Peas,The Black Eyed Peas,Taylor Swift,Keyshia Cole,Justin Bieber,Sean Kingston & Justin Bieber,Rodney Atkins,Rihanna,Miranda Lambert,Lil Wayne Featuring Drake,George Ezra,Usher Featuring Young Thug,Miley Cyrus,Maroon 5 Featuring SZA,Marshmello & Kane Brown
89,Song,Song,Song,Song,Song,Song,Song,Song,Song,Song,Song,Song,Kenny Rogers,Song,Song,Sheena Easton,Song,Ready For The World,Taylor Dayne,Song,Kyper,Eminem,Eminem,Eminem,Eminem,Eminem,Eminem,Eminem,Eminem,Eminem,Eminem,Eminem,Eminem,Eminem,Eminem,Eminem,Eminem,Rihanna,Kanye West Featuring Dwele,Lady Antebellum,Lil Wayne Featuring Drake,Mike Posner,Havana Brown Featuring Pitbull,Thomas Rhett,"Mike WiLL Made-It Featuring Miley Cyrus, Wiz Khalifa & Juicy J",Sia,O.T. Genasis Featuring Young Dolph,Marian Hill,Nicky Jam x J Balvin,Megan Thee Stallion Featuring DaBaby
90,Song,Song,Song,Song,Song,Song,Song,Song,Song,Song,Song,Song,Song,Song,Song,Song,Song,Song,Song,Song,Song,Madonna,Madonna,Madonna,Madonna,Madonna,Madonna,Madonna,Madonna,Madonna,Madonna,Madonna,Madonna,Madonna,Madonna,Madonna,Madonna,Red Hot Chili Peppers,Lil Wayne Featuring Bobby Valentino & Kidd Kidd,Kelly Clarkson,Miranda Lambert,Miguel,Imagine Dragons,Ace Hood Featuring Future & Rick Ross,Jake Owen,Kelly Clarkson,Kevin Gates,Cheat Codes Featuring Demi Lovato,YoungBoy Never Broke Again,Dan + Shay
91,Song,Song,Song,Song,Song,Song,Song,Song,Song,Song,Song,Song,Song,Song,Song,Song,Song,Song,Song,Song,Song,Three 6 Mafia Featuring Young Buck & Eightball & MJG,Three 6 Mafia Featuring Young Buck & Eightball & MJG,Three 6 Mafia Featuring Young Buck & Eightball & MJG,Three 6 Mafia Featuring Young Buck & Eightball & MJG,Three 6 Mafia Featuring Young Buck & Eightball & MJG,Three 6 Mafia Featuring Young Buck & Eightball & MJG,Three 6 Mafia Featuring Young Buck & Eightball & MJG,Three 6 Mafia Featuring Young Buck & Eightball & MJG,Three 6 Mafia Featuring Young Buck & Eightball & MJG,Three 6 Mafia Featuring Young Buck & Eightball & MJG,Three 6 Mafia Featuring Young Buck & Eightball & MJG,Three 6 Mafia Featuring Young Buck & Eightball & MJG,Three 6 Mafia Featuring Young Buck & Eightball & MJG,Three 6 Mafia Featuring Young Buck & Eightball & MJG,Three 6 Mafia Featuring Young Buck & Eightball & MJG,Three 6 Mafia Featuring Young Buck & Eightball & MJG,Ludacris Featuring Pharrell,Miley Cyrus,John Legend Featuring Andre 3000,The Band Perry,Jessie J Featuring B.o.B,Ca$h Out,Hunter Hayes,Macklemore & Ryan Lewis Featuring ScHoolboy Q & Hollis,Ed Sheeran,Fifth Harmony Featuring Fetty Wap,Shawn Mendes,Ella Mai,NLE Choppa
92,Song,Song,Song,Song,Song,Song,Song,Song,Song,Song,Song,Song,Song,Song,Song,Song,Song,Song,Song,Song,Song,Keyshia Cole,Keyshia Cole,Keyshia Cole,Keyshia Cole,Keyshia Cole,Keyshia Cole,Keyshia Cole,Keyshia Cole,Keyshia Cole,Keyshia Cole,Keyshia Cole,Keyshia Cole,Keyshia Cole,Keyshia Cole,Keyshia Cole,Keyshia Cole,Chris Brown Featuring T-Pain,Trace Adkins,Billy Currington,Paramore,Blake Shelton,Luke Bryan,Lady Antebellum,5 Seconds Of Summer,Ella Henderson,Hailee Steinfeld & Grey Featuring Zedd,Gucci Mane Featuring Migos,Daddy Yankee,"Megan Thee Stallion, Nicki Minaj & Ty Dolla $ign"
93,Song,Song,Song,Song,Song,Song,Song,Song,Song,Song,Song,Song,Song,Song,Song,Song,Song,Song,Song,Song,Song,Ne-Yo,Ne-Yo,Ne-Yo,Ne-Yo,Ne-Yo,Ne-Yo,Ne-Yo,Ne-Yo,Ne-Yo,Ne-Yo,Ne-Yo,Ne-Yo,Ne-Yo,Ne-Yo,Ne-Yo,Ne-Yo,Nickelback,Gavin Rossdale,Zac Brown Band,Lady Antebellum,Lil Wayne Featuring Drake,Rihanna,Florida Georgia Line,Zedd Featuring Hayley Williams,Alessia Cara,Coldplay,Dustin Lynch,XXXTENTACION,Florida Georgia Line
94,Song,Song,Song,Song,Song,Song,Song,Song,Song,Song,Song,Song,Song,Song,Song,Song,Song,Song,Song,Song,Song,T.I.,T.I.,T.I.,T.I.,T.I.,T.I.,T.I.,T.I.,T.I.,T.I.,T.I.,T.I.,T.I.,T.I.,T.I.,T.I.,Crime Mob Featuring Lil Scrappy,Daughtry,Kelly Clarkson,Sara Bareilles,Thompson Square,Lee Brice,will.i.am Featuring Justin Bieber,Beyonce,Mr. Probz,Tim McGraw,YFN Lucci Featuring PnB Rock,Brett Young,Bazzi Featuring Camila Cabello
95,Song,Song,Song,Song,Song,Song,Song,Song,Song,Song,Song,Song,Song,Song,Song,Song,Song,Song,Song,Song,Song,P!nk,P!nk,P!nk,P!nk,P!nk,P!nk,P!nk,P!nk,P!nk,P!nk,P!nk,P!nk,P!nk,P!nk,P!nk,P!nk,Justin Timberlake,Timbaland Featuring Keri Hilson,Kristinia DeBarge,Daughtry,Neon Trees,Kip Moore,Sara Bareilles,ScHoolboy Q Featuring BJ The Chicago Kid,Nicky Jam & Enrique Iglesias,Future,Camila Cabello Featuring Young Thug,Luke Combs,Chase Rice
96,Song,Song,Song,Song,Song,Song,Song,Song,Song,Song,Song,Song,Song,Song,Song,Song,Song,Song,Song,Song,Song,Gorillaz,Gorillaz,Gorillaz,Gorillaz,Gorillaz,Gorillaz,Gorillaz,Gorillaz,Gorillaz,Gorillaz,Gorillaz,Gorillaz,Gorillaz,Gorillaz,Gorillaz,Gorillaz,Hinder,Saving Abel,Michael Franti & Spearhead Featuring Cherine Anderson,Uncle Kracker,Kenny Chesney Featuring Grace Potter,Miguel,Passenger,Drake,Ne-Yo Featuring Juicy J,Desiigner,Maroon 5 Featuring SZA,Rae Sremmurd & Juicy J,Dan + Shay
97,Song,Song,Song,Song,Song,Song,Song,Song,Song,Song,Song,Song,Song,Song,Song,Song,Song,Song,Song,Song,Song,T-Pain,T-Pain,T-Pain,T-Pain,T-Pain,T-Pain,T-Pain,T-Pain,T-Pain,T-Pain,T-Pain,T-Pain,T-Pain,T-Pain,T-Pain,T-Pain,Finger Eleven,Santana Featuring Chad Kroeger,Jim Jones & Ron Browz Featuring Juelz Santana,Cali Swag District,Zac Brown Band,Jason Aldean,Randy Houser,Lee Brice,One Direction,Wiz Khalifa Featuring Charlie Puth,blackbear,Dua Lipa,Ariana Grande & Social House
98,Song,Song,Song,Song,Song,Song,Song,Song,Song,Song,Song,Song,Song,Song,Song,Song,Song,Song,Song,Song,Song,Taylor Hicks,Taylor Hicks,Taylor Hicks,Taylor Hicks,Taylor Hicks,Taylor Hicks,Taylor Hicks,Taylor Hicks,Taylor Hicks,Taylor Hicks,Taylor Hicks,Taylor Hicks,Taylor Hicks,Taylor Hicks,Taylor Hicks,Taylor Hicks,Snoop Dogg Featuring R. Kelly,Keyshia Cole,Maxwell,Alicia Keys,Big Sean Featuring Chris Brown,Eli Young Band,2 Chainz,Miranda Lambert Duet With Carrie Underwood,Drake,One Direction,XXXTENTACION,J Balvin & Willy William Featuring Beyonce,P!nk
99,Song,Song,Song,Song,Song,Song,Song,Song,Song,Song,Song,Song,Song,Song,Song,Song,Song,Song,Song,Song,Song,Teddy Geiger,Teddy Geiger,Teddy Geiger,Teddy Geiger,Teddy Geiger,Teddy Geiger,Teddy Geiger,Teddy Geiger,Teddy Geiger,Teddy Geiger,Teddy Geiger,Teddy Geiger,Teddy Geiger,Teddy Geiger,Teddy Geiger,Teddy Geiger,R. Kelly Duet With Usher,2 Pistols Featuring T-Pain & Tay Dizm,The Fray,Jerrod Niemann,Song,Linkin Park,Paramore,Miley Cyrus,Calvin Harris & Disciples,Song,Keith Urban Featuring Carrie Underwood,Imagine Dragons,Juice WRLD
