,Song 1970,Song 1971,Song 1972,Song 1973,Song 1974,Song 1975,Song 1976,Song 1977,Song 1978,Song 1979,Song 1980,Song 1981,Song 1982,Song 1983,Song 1984,Song 1985,Song 1986,Song 1987,Song 1988,Song 1989,Song 1990,Song 1991,Song 1992,Song 1993,Song 1994,Song 1995,Song 1996,Song 1997,Song 1998,Song 1999,Song 2000,Song 2001,Song 2002,Song 2003,Song 2004,Song 2005,Song 2006,Song 2007,Song 2008,Song 2009,Song 2010,Song 2011,Song 2012,Song 2013,Song 2014,Song 2015,Song 2016,Song 2017,Song 2018,Song 2019
0,Bridge Over Troubled Water,Joy To The World,Alone Again (Naturally),"Bad, Bad Leroy Brown",The Way We Were,Love Will Keep Us Together,Silly Love Songs,Tonight's The Night (Gonna Be Alright),Shadow Dancing,My Sharona,Magic,Bette Davis Eyes,Physical,Every Breath You Take,When Doves Cry,Like A Virgin,That's What Friends Are For,ALONE,Faith,Look Away,Hold On,Bad Day,Bad Day,Bad Day,Bad Day,Bad Day,Bad Day,Bad Day,Bad Day,Bad Day,Bad Day,Bad Day,Bad Day,Bad Day,Bad Day,Bad Day,Bad Day,Irreplaceable,Low,Boom Boom Pow,TiK ToK,Rolling In The Deep,Somebody That I Used To Know,Thrift Shop,Happy,Uptown Funk!,Love Yourself,Shape Of You,God's Plan,Old Town Road
1,(They Long To Be) Close To You,Maggie May/Reason To Believe,American Pie (Parts I & II),Killing Me Softly With His Song,Seasons In The Sun,Rhinestone Cowboy,Don't Go Breaking My Heart,I Just Want To Be Your Everything,Night Fever,BAD GIRLS,Rock With You,Lady,I Love Rock 'N' Roll,Billie Jean,What's Love Got To Do With It,Wake Me Up Before You Go-Go,I MISS YOU,Shake You Down,Need You Tonight,My Prerogative,Nothing Compares 2 U,Temperature,Temperature,Temperature,Temperature,Temperature,Temperature,Temperature,Temperature,Temperature,Temperature,Temperature,Temperature,Temperature,Temperature,Temperature,Temperature,Umbrella,Bleeding Love,Poker Face,Need You Now,Party Rock Anthem,Call Me Maybe,Blurred Lines,Dark Horse,Thinking Out Loud,Sorry,Despacito,Perfect,Sunflower (Spider-Man: Into The Spider-Verse)
2,American Woman/No Sugar Tonight,It's Too Late/I Feel The Earth Move,Without You,Let's Get It On,Love's Theme,Philadelphia Freedom,Disco Lady,Best Of My Love,You Light Up My Life,Le Freak,Do That To Me One More Time,Starting Over,Don't You Want Me,Down Under,Footloose,I Want To Know What Love Is,ON MY OWN,I Wanna Dance With Somebody (Who Loves Me),Got My Mind Set On You,Every Rose Has Its Thorn,Poison,Promiscuous,Promiscuous,Promiscuous,Promiscuous,Promiscuous,Promiscuous,Promiscuous,Promiscuous,Promiscuous,Promiscuous,Promiscuous,Promiscuous,Promiscuous,Promiscuous,Promiscuous,Promiscuous,The Sweet Escape,No One,Just Dance,"Hey, Soul Sister",Firework,We Are Young,Radioactive,All Of Me,See You Again,One Dance,That's What I Like,Meant To Be,Without Me
3,Raindrops Keep Fallin' On My Head,How Can You Mend A Broken Heart,I Gotcha,Crocodile Rock,Come And Get Your Love,Before The Next Teardrop Falls,Play That Funky Music,Angel In Your Arms,Stayin' Alive,DO YA THINK I'm SEXY,Crazy Little Thing Called Love,Jessie's Girl,Hurts So Good,Beat It,Against All Odds (Take A Look At Me Now),I Feel For You,Broken Wings,Nothing's Gonna Stop Us Now,Never Gonna Give You Up,Straight Up,Vogue,You're Beautiful,You're Beautiful,You're Beautiful,You're Beautiful,You're Beautiful,You're Beautiful,You're Beautiful,You're Beautiful,You're Beautiful,You're Beautiful,You're Beautiful,You're Beautiful,You're Beautiful,You're Beautiful,You're Beautiful,You're Beautiful,Big Girls Don't Cry,Lollipop,I Gotta Feeling,California Gurls,E.T.,Payphone,Harlem Shake,Fancy,Trap Queen,Work,Humble.,Havana,Bad Guy
4,War,Go Away Little Girl,Lean On Me,Will It Go Round In Circles,Dancing Machine,My Eyes Adored You,50 Ways To Leave Your Lover,I Like Dreamin',KISS YOU ALL OVER,Reunited,Funkytown,Celebration,Abracadabra,Total Eclipse Of The Heart,Jump,Everybody Wants To Rule The World,How Will I Know,C'est La Vie,Sweet Child O' Mine,Miss You Much,Vision Of Love,Hips Don't Lie,Hips Don't Lie,Hips Don't Lie,Hips Don't Lie,Hips Don't Lie,Hips Don't Lie,Hips Don't Lie,Hips Don't Lie,Hips Don't Lie,Hips Don't Lie,Hips Don't Lie,Hips Don't Lie,Hips Don't Lie,Hips Don't Lie,Hips Don't Lie,Hips Don't Lie,Buy U A Drank (Shawty Snappin'),Apologize,Love Story,OMG,Give Me Everything,Lights,Can't Hold Us,Counting Stars,Sugar,Stressed Out,Something Just Like This,Rockstar,Wow.
5,Ain't No Mountain High Enough,Just My Imagination (Running Away With Me),Baby Don't Get Hooked On Me,You're So Vain,Tsop,Some Kind Of Wonderful,Love Is Alive,DON't LEAVE ME THIS WAY,How Deep Is Your Love,I Will Survive,The Rose,I Love A Rainy Night,Hard To Say I'm Sorry,Maniac,Hello,Money For Nothing,Party All The Time,Here I Go Again,So Emotional,Cold Hearted,Another Day In Paradise,Unwritten,Unwritten,Unwritten,Unwritten,Unwritten,Unwritten,Unwritten,Unwritten,Unwritten,Unwritten,Unwritten,Unwritten,Unwritten,Unwritten,Unwritten,Unwritten,Before He Cheats,No Air,Right Round,Airplanes,Grenade,Glad You Came,Mirrors,Talk Dirty,Shut Up And Dance,Panda,Bad And Boujee,Psycho,Happier
6,I'll Be There,Tired Of Being Alone,Brand New Key,Touch Me In The Morning,The Streak,Fame,A Fifth Of Beethoven,(your Love Has Lifted Me) Higher And Higher,Baby Come Back,Hot Stuff,Escape,9 To 5,Tainted Love,Sweet Dreams (Are Made Of This),Ghostbusters,Crazy For You,Burning Heart,The Way It Is,Heaven Is A Place On Earth,"Baby, I Love Your Way/Freebird Medley",Hold On,Crazy,Crazy,Crazy,Crazy,Crazy,Crazy,Crazy,Crazy,Crazy,Crazy,Crazy,Crazy,Crazy,Crazy,Crazy,Crazy,Hey There Delilah,Love Song,I'm Yours,Love The Way You Lie,Super Bass,Stronger (What Doesn't Kill You),Just Give Me A Reason,Rude,Blank Space,Hello,Closer,I Like It,7 Rings
7,Get Ready,Want Ads,Daddy Don't You Walk So Fast,The Night The Lights Went Out In Georgia,Bennie And The Jets,Laughter In The Rain,Afternoon Delight,Undercover Angel,Love Is Thicker Than Water,Y.M.C.A.,Cars,Keep On Loving You,Chariots Of Fire,Do You Really Want To Hurt Me,KARMA CHAMELEON,Take On Me,Kyrie,Livin' On A Prayer,Could've Been,GIVING YOU THE BEST THAT I GOT,Do Me!,Ridin',Ridin',Ridin',Ridin',Ridin',Ridin',Ridin',Ridin',Ridin',Ridin',Ridin',Ridin',Ridin',Ridin',Ridin',Ridin',I Wanna Love You,Love In This Club,Single Ladies (Put A Ring On It),Bad Romance,Moves Like Jagger,We Found Love,When I Was Your Man,All About That Bass,Watch Me,Don't Let Me Down,Body Like A Back Road,The Middle,Talk
8,Let It Be,Treat Her Like A Lady,Let's Stay Together,Playground In My Mind,One Hell Of A Woman,One Of These Nights,I Write The Songs,Torn Between Two Lovers,Boogie Oogie Oogie,Ring My Bell,CRUISIN',Morning Train,Harden My Heart,You And I,Missing You,Everytime You Go Away,Addicted To Love,La Bamba,Hands To Heaven,Right Here Waiting,How Am I Supposed To Live Without You,SexyBack,SexyBack,SexyBack,SexyBack,SexyBack,SexyBack,SexyBack,SexyBack,SexyBack,SexyBack,SexyBack,SexyBack,SexyBack,SexyBack,SexyBack,SexyBack,Say It Right,With You,Heartless,Dynamite,Just Can't Get Enough,Starships,Cruise,Problem,Earned It (Fifty Shades Of Grey),Can't Stop The Feeling!,Believer,In My Feelings,Sicko Mode
9,Band Of Gold,BROWN SUGAR,Brandy (You're A Fine Girl),Delta Dawn,Until You Come Back To Me (That's What I'm Gonna Do),Thank God I'm A Country Boy,"Fly, Robin, Fly",Dancing Queen,Three Times A Lady,Sad Eyes,Lost In Love,Being With You,Rosanna,Shame On The Moon,All Night Long (All Night),Easy Lover,Greatest Love Of All,Everybody Have Fun Tonight,Roll With It,Waiting For A Star To Fall,Opposites Attract,Check On It,Check On It,Check On It,Check On It,Check On It,Check On It,Check On It,Check On It,Check On It,Check On It,Check On It,Check On It,Check On It,Check On It,Check On It,Check On It,Glamorous,Forever,Gives You Hell,Break Your Heart,On The Floor,What Makes You Beautiful,Roar,Stay With Me,The Hills,Closer,Congratulations,Girls Like You,Sucker
10,Mama Told Me (Not To Come),You've Got A Friend,Oh Girl,Frankenstein,Jungle Boogie,Jive Talkin',Love Hangover,You Make Me Feel Like Dancing,Grease,Too Much Heaven,Little Jeannie,Queen Of Hearts,867-5309/jenny,She Works Hard For The Money,Let's Hear It For The Boy,Can't Fight This Feeling,Secret Lovers,Don't Dream It's Over,One More Try,Lost In Your Eyes,Escapade,Be Without You,Be Without You,Be Without You,Be Without You,Be Without You,Be Without You,Be Without You,Be Without You,Be Without You,Be Without You,Be Without You,Be Without You,Be Without You,Be Without You,Be Without You,Be Without You,Don't Matter,Sexy Can I,You Belong With Me,Nothin' On You,S&M,Wild Ones,Locked Out Of Heaven,Timber,Cheerleader,Cheap Thrills,Say You Won't Let Go,Nice For What,High Hopes
11,Everything Is Beautiful,Mr. Big Stuff,Nice To Be With You,Little Willy,Midnight At The Oasis,Best Of My Love,Get Closer,Margaritaville,I Go Crazy,When You're In Love With A Beautiful Woman,Ride Like The Wind,Rapture,Key Largo,Never Gonna Let You Go,Dancing In The Dark,We Built This City,Friends And Lovers,Always,Wishing Well,Don't Wanna Lose You,All I Wanna Do Is Make Love To You,Grillz,Grillz,Grillz,Grillz,Grillz,Grillz,Grillz,Grillz,Grillz,Grillz,Grillz,Grillz,Grillz,Grillz,Grillz,Grillz,Girlfriend,Take A Bow,Dead And Gone,I Like It,Pumped Up Kicks,Set Fire To The Rain,Ho Hey,Pompeii,Can't Feel My Face,7 Years,I'm The One,Lucid Dreams,"Thank U, Next"
12,Make It With You,Do You Know What I Mean,My Ding-A-Ling,You Are The Sunshine Of My Life,You Make Me Feel Brand New,Lovin' You,"More, More, More",Telephone Line,You're The One That I Want,Makin' It,Upside Down,A Woman Needs Love,You Should Hear How She Talks About You,Hungry Like The Wolf,Girls Just Want To Have Fun,The Power Of Love,West End Girls,Looking For A New Love,Anything For You/No Te Olvidare,Heaven,Close To You,Over My Head (Cable Car),Over My Head (Cable Car),Over My Head (Cable Car),Over My Head (Cable Car),Over My Head (Cable Car),Over My Head (Cable Car),Over My Head (Cable Car),Over My Head (Cable Car),Over My Head (Cable Car),Over My Head (Cable Car),Over My Head (Cable Car),Over My Head (Cable Car),Over My Head (Cable Car),Over My Head (Cable Car),Over My Head (Cable Car),Over My Head (Cable Car),Makes Me Wonder,Viva La Vida,You Found Me,BedRock,Last Friday Night (T.G.I.F.),Sexy And I Know It,Stay,Shake It Off,Love Me Like You Do,Needed Me,XO TOUR Llif3,Better Now,Truth Hurts
13,Hitchin' A Ride,The Night They Drove Old Dixie Down,Heart Of Gold,Half Breed,Show And Tell,Kung Fu Fighting,Bohemian Rhapsody,Whatcha Gonna Do?,Emotion,Fire,Babe,The Tide Is High,Waiting For A Girl Like You,Let's Dance,The Reflex,Don't You (Forget About Me),There'll Be Sad Songs (To Make You Cry),I Think We're Alone Now,The Flame,Girl I'm Gonna Miss You,Black Velvet,Me & U,Me & U,Me & U,Me & U,Me & U,Me & U,Me & U,Me & U,Me & U,Me & U,Me & U,Me & U,Me & U,Me & U,Me & U,Me & U,Party Like A Rockstar,I Kissed A Girl,Use Somebody,In My Head,Just The Way You Are,Some Nights,Get Lucky,Am I Wrong,Take Me To Church,My House,Mask Off,Finesse,Dancing With A Stranger
14,ABC,What's Going On,"Betcha By Golly, Wow",That Lady,Rock On,Black Water,Misty Blue,Sir Duke,Lay Down Sally,Tragedy,With You I'm Born Again,Just The Two Of Us,Don't Talk To Strangers,Twilight Zone,Time After Time,Cherish,Alive And Kicking,Mony Mony,"Get Outta My Dreams, Get Into My Car",The Look,Release Me,Buttons,Buttons,Buttons,Buttons,Buttons,Buttons,Buttons,Buttons,Buttons,Buttons,Buttons,Buttons,Buttons,Buttons,Buttons,Buttons,Smack That,Whatever You Like,Knock You Down,Rude Boy,Tonight (I'm Lovin' You),Wide Awake,Royals,Turn Down For What,Bad Blood,I Took A Pill In Ibiza,Unforgettable,Boo'd Up,Senorita
15,The Love You Save/I Found That Girl,Uncle Albert/Admiral Halsey,I'll Take You There,We're An American Band,Sunshine On My Shoulders,Ballroom Blitz,Boogie Fever,Hotel California,Miss You,A Little More Love,Shining Star,Slow Hand,The Sweetest Thing,I Know There's Something Going On,Jump (for My Love),St. Elmo's Fire (Man In Motion),Never,At This Moment,Seasons Change,Two Hearts,Don't Know Much,Run It!,Run It!,Run It!,Run It!,Run It!,Run It!,Run It!,Run It!,Run It!,Run It!,Run It!,Run It!,Run It!,Run It!,Run It!,Run It!,This Is Why I'm Hot,Disturbia,Blame It,Telephone,Raise Your Glass,Good Feeling,I Knew You Were Trouble.,The Monster,Lean On,Work From Home,24K Magic,New Rules,I Don't Care
16,Cracklin' Rosie,Signs,Ben,"Right Place, Wrong Time",Hooked On A Feeling,(Hey Won't You Play) Another Somebody Done Somebody Wrong Song,I'd Really Love To See You Tonight,Got To Give It Up (Pt. 1),Just The Way You Are,Heart Of Glass,Still,I Love You,Always On My Mind,Electric Avenue,Talking In Your Sleep,The Heat Is On,Kiss,The Lady In Red,Is This Love,Blame It On The Rain,All Around The World,So Sick,So Sick,So Sick,So Sick,So Sick,So Sick,So Sick,So Sick,So Sick,So Sick,So Sick,So Sick,So Sick,So Sick,So Sick,So Sick,It's Not Over,Don't Stop The Music,I Know You Want Me (Calle Ocho),Teenage Dream,Born This Way,Whistle,We Can't Stop,Say Something,Want To Want Me,This Is What You Came For,Stay,Sad!,Eastside
17,Candida,She's A Lady,Slippin' Into Darkness,Wildflower,Band On The Run,He Don't Love You (Like I Love You),Love Hurts,Theme From Rocky (gonna Fly Now),With A Little Luck,What A Fool Believes,Sexy Eyes,Woman,Shake It Up,She Blinded Me With Science,Self Control,We Are The World,Higher Love,Didn't We Almost Have It All,"Wild, Wild West",Listen To Your Heart,I Wanna Be Rich,It's Goin' Down,It's Goin' Down,It's Goin' Down,It's Goin' Down,It's Goin' Down,It's Goin' Down,It's Goin' Down,It's Goin' Down,It's Goin' Down,It's Goin' Down,It's Goin' Down,It's Goin' Down,It's Goin' Down,It's Goin' Down,It's Goin' Down,It's Goin' Down,The Way I Are,Pocketful Of Sunshine,Live Your Life,Just The Way You Are,F**kin' Perfect,One More Night,Wrecking Ball,Team,Shake It Off,Cake By The Ocean,Wild Thoughts,Never Be The Same,Going Bad
18,Spirit In The Sky,Amos Moses,A Horse With No Name,Superstition,The Most Beautiful Girl,At Seventeen,Get Up And Boogie,Southern Nights,If I Can't Have You,GOOD TIMES,Steal Away,Sukiyaki,Let It Whip,Africa,Let's Go Crazy,Shout,Stuck With You,I Still Haven't Found What I'm Looking For,Pour Some Sugar On Me,I'll Be There For You,Rub You The Right Way,SOS,SOS,SOS,SOS,SOS,SOS,SOS,SOS,SOS,SOS,SOS,SOS,SOS,SOS,SOS,SOS,Fergalicious,Kiss Kiss,Kiss Me Thru The Phone,Cooler Than Me,What's My Name?,Drive By,Wake Me Up!,Let Her Go,Where Are U Now,"Me, Myself & I",Black Beatles,Love Lies,Shallow
19,Lay Down (Candles In The Rain),Superstar,Song Sung Blue,The Morning After,Time In A Bottle,Pick Up The Pieces,Take It To The Limit,When I Need You,"Dance, Dance, Dance (Yowsah, Yowsah, Yowsah)",You Don't Bring Me Flowers,Biggest Part Of Me,The Winner Takes It All,We Got The Beat,Little Red Corvette,Hold Me Now,Part-Time Lover,Holding Back The Years,Notorious,I'll Always Love You,If You Don't Know Me By Now,She Ain't Worth It,I Write Sins Not Tragedies,I Write Sins Not Tragedies,I Write Sins Not Tragedies,I Write Sins Not Tragedies,I Write Sins Not Tragedies,I Write Sins Not Tragedies,I Write Sins Not Tragedies,I Write Sins Not Tragedies,I Write Sins Not Tragedies,I Write Sins Not Tragedies,I Write Sins Not Tragedies,I Write Sins Not Tragedies,I Write Sins Not Tragedies,I Write Sins Not Tragedies,I Write Sins Not Tragedies,I Write Sins Not Tragedies,Crank That (Soulja Boy),Closer,Down,Imma Be,Look At Me Now,The Motto,Suit & Tie,Royals,Fight Song,Ride,Starboy,No Tears Left To Cry,Better
20,Ball Of Confusion (That's What The World Is Today),My Sweet Lord/Isn't It A Pity,Popcorn,Rocky Mountain High,ANNIE'S SONG,Lady Marmalade,Sweet Love,Hot Line,Feels So Good,Knock On Wood,This Is It,Medley,The Other Woman,Mr. Roboto,Joanna,Saving All My Love For You,Sledgehammer,Only In My Dreams,Man In The Mirror,Like A Prayer,If Wishes Came True,Move Along,Move Along,Move Along,Move Along,Move Along,Move Along,Move Along,Move Along,Move Along,Move Along,Move Along,Move Along,Move Along,Move Along,Move Along,Move Along,Give It To Me,Bubbly,The Climb,Empire State Of Mind,Down On Me,Where Have You Been,Cups (Pitch Perfect's When I'm Gone),Let It Go,679,Heathens,Location,Mine,No Guidance
21,All Right Now,Put Your Hand In The Hand,Everybody Plays The Fool,Stuck In The Middle With You,Let Me Be There,Why Can't We Be Friends?,Right Back Where We Started From,Car Wash,Love Is Like Oxygen,Lead Me On,Let's Get Serious,Love On The Rocks,Turn Your Love Around,You Are,I Just Called To Say I Love You,Heaven,Sara,(I've Had) The Time Of My Life,Shake Your Love,I'll Be Loving You (Forever),(Can't Live Without Your) Love And Affection,London Bridge,London Bridge,London Bridge,London Bridge,London Bridge,London Bridge,London Bridge,London Bridge,London Bridge,London Bridge,London Bridge,London Bridge,London Bridge,London Bridge,London Bridge,London Bridge,What Goes Around...Comes Around,Touch My Body,Best I Ever Had,DJ Got Us Fallin' In Love,How To Love,Everybody Talks,Holy Grail,Wake Me Up!,Lips Are Movin,Pillowtalk,Attention,Thunder,Girls Like You
22,I Want You Back,For All We Know,Precious And Few,Shambala,Sundown,Love Won't Let Me Wait,Love Rollercoaster,Fly Like An Eagle,It's A Heartache,Don't Cry Out Loud,Sailing,Every Woman In The World,Sweet Dreams,Puttin' On The Ritz,Somebody's Watching Me,Everything She Wants,Human,The Next Time I Fall,Hold On To The Nights,How Can I Fall?,Love Will Lead You Back,Dani California,Dani California,Dani California,Dani California,Dani California,Dani California,Dani California,Dani California,Dani California,Dani California,Dani California,Dani California,Dani California,Dani California,Dani California,Dani California,Cupid's Chokehold/Breakfast In America,4 Minutes,My Life Would Suck Without You,Billionaire,Someone Like You,Take Care,Scream & Shout,Demons,Worth It,Stitches,There's Nothing Holdin' Me Back,Look Alive,Sweet But Psycho
23,"Julie, Do Ya Love Me",If You Could Read My Mind,Nights In White Satin,Love Train,Rock Me Gently,Boogie On Reggae Woman,You Should Be Dancing,Don't Give Up On Us,Baker Street,The Logical Song,Longer,The One That You Love,Only The Lonely,Sexual Healing,Break My Stride,Cool It Now,I Can't Wait,Lean On Me,Shattered Dreams,Baby Don't Forget My Number,Don't Wanna Fall In Love,Snap Yo Fingers,Snap Yo Fingers,Snap Yo Fingers,Snap Yo Fingers,Snap Yo Fingers,Snap Yo Fingers,Snap Yo Fingers,Snap Yo Fingers,Snap Yo Fingers,Snap Yo Fingers,Snap Yo Fingers,Snap Yo Fingers,Snap Yo Fingers,Snap Yo Fingers,Snap Yo Fingers,Snap Yo Fingers,How To Save A Life,So What,Halo,Not Afraid,Good Life,Titanium,Clarity,Story Of My Life,Post To Be,Hotline Bling,Bodak Yellow (Money Moves),Delicate,Suge
24,Green-Eyed Lady,Help Me Make It Through The Night,Go All The Way,Keep On Truckin',Boogie Down,Angie Baby,You'll Never Find Another Love Like Mine,On And On,TWO OUT OF THREE AIN't BAD,My Life,Coward Of The County,Guilty,Hold Me,(Keep Feeling) Fascination,99 Luftballons,Miami Vice Theme,Rock Me Amadeus,Open Your Heart,Father Figure,Toy Soldiers,Two To Make It Right,"Lean Wit It, Rock Wit It","Lean Wit It, Rock Wit It","Lean Wit It, Rock Wit It","Lean Wit It, Rock Wit It","Lean Wit It, Rock Wit It","Lean Wit It, Rock Wit It","Lean Wit It, Rock Wit It","Lean Wit It, Rock Wit It","Lean Wit It, Rock Wit It","Lean Wit It, Rock Wit It","Lean Wit It, Rock Wit It","Lean Wit It, Rock Wit It","Lean Wit It, Rock Wit It","Lean Wit It, Rock Wit It","Lean Wit It, Rock Wit It","Lean Wit It, Rock Wit It",Home,Paralyzer,Hot N Cold,Replay,The Lazy Song,I Won't Give Up,Sail,Chandelier,"Honey, I'm Good.",Cold Water,Redbone,Yes Indeed,Middle Child
25,Ride Captain Ride,Never Can Say Goodbye,Too Late To Turn Back Now,Danny's Song,You're Sixteen,Jackie Blue,Golden Years,Feels Like The First Time,Take A Chance On Me,Just When I Needed You Most,Ladies Night,The Best Of Times,Eye In The Sky,The Safety Dance,I Can Dream About You,Loverboy,Papa Don't Preach,(I Just) Died In Your Arms,Naughty Girls (Need Love Too),Forever Your Girl,Sending All My Love,What Hurts The Most,What Hurts The Most,What Hurts The Most,What Hurts The Most,What Hurts The Most,What Hurts The Most,What Hurts The Most,What Hurts The Most,What Hurts The Most,What Hurts The Most,What Hurts The Most,What Hurts The Most,What Hurts The Most,What Hurts The Most,What Hurts The Most,What Hurts The Most,My Love,Clumsy,Second Chance,Sexy Chick,Till The World Ends,It Will Rain,Don't You Worry Child,Black Widow,I'm Not The Only One,Send My Love (To Your New Lover),I Don't Wanna Live Forever (Fifty Shades Darker),Friends,Drip Too Hard
26,Instant Karma (We All Shine On),Rose Garden,Back Stabbers,Dancing In The Moonlight,If You Love Me (let Me Know),Fire,Moonlight Feels Right,Couldn't Get It Right,Sometimes When We Touch,You Can't Change That,TOO HOT,Elvira,Let's Groove,Mickey,The Glamorous Life,Lover Girl,You Give Love A Bad Name,Heart And Soul,Groovy Kind Of Love,The Living Years,Unskinny Bop,How To Save A Life,How To Save A Life,How To Save A Life,How To Save A Life,How To Save A Life,How To Save A Life,How To Save A Life,How To Save A Life,How To Save A Life,How To Save A Life,How To Save A Life,How To Save A Life,How To Save A Life,How To Save A Life,How To Save A Life,How To Save A Life,Stronger,I'm Yours,Circus,Breakeven,The Show Goes On,Mercy,Diamonds,Bang Bang,Good For You,Roses,It Ain't Me,Bad At Love,Someone You Loved
27,Patches,Don't Pull Your Love,Sunshine,Natural High,Dark Lady,Magic,Only Sixteen,Easy,Last Dance,Shake Your Groove Thing,More Love,Take It On The Run,Open Arms,You Can't Hurry Love,Oh Sherrie,You Belong To The City,When I Think Of You,You Keep Me Hangin' On,Love Bites,Wild Thing,Step By Step,Unfaithful,Unfaithful,Unfaithful,Unfaithful,Unfaithful,Unfaithful,Unfaithful,Unfaithful,Unfaithful,Unfaithful,Unfaithful,Unfaithful,Unfaithful,Unfaithful,Unfaithful,Unfaithful,We Fly High,Leavin',Day 'N' Nite,Your Love Is My Drug,The Edge Of Glory,Boyfriend,I Love It,Latch,All About That Bass,Treat You Better,iSpy,Taste,Ran$om
28,Lookin' Out My Back Door/Long As I Can See The Light,It Don't Come Easy,Day After Day,Diamond Girl,Feel Like Makin' Love,Please Mr. Postman,Let Your Love Flow,Right Time Of The Night,Hopelessly Devoted To You,I'll Never Love This Way Again,Pop Muzik,Woman In Love,Leader Of The Band,Separate Ways,Stuck On You,Oh Sheila,These Dreams,Keep Your Hands To Yourself,Endless Summer Nights,When I See You Smile,Dangerous,Chasing Cars,Chasing Cars,Chasing Cars,Chasing Cars,Chasing Cars,Chasing Cars,Chasing Cars,Chasing Cars,Chasing Cars,Chasing Cars,Chasing Cars,Chasing Cars,Chasing Cars,Chasing Cars,Chasing Cars,Chasing Cars,U + Ur Hand,Dangerous,Party In The U.S.A.,I Gotta Feeling,We R Who We R,Party Rock Anthem,Safe And Sound,Maps,Style,Too Good,Issues,Let You Down,If I Can't Have You
29,Rainy Night In Georgia,Mr. Bojangles,Rocket Man,Long Train Running,Just Don't Want To Be Lonely,Sister Golden Hair,Turn The Beat Around,I've Got Love On My Mind,Hot Blooded,Love You Inside Out,Brass In Pocket,URGENT,Leather And Lace,1999,I Guess That's Why They Call It The Blues,Rhythm Of The Night,Live To Tell,I Knew You Were Waiting (For Me),Foolish Beat,If I Could Turn Back Time,We Didn't Start The Fire,Lips Of An Angel,Lips Of An Angel,Lips Of An Angel,Lips Of An Angel,Lips Of An Angel,Lips Of An Angel,Lips Of An Angel,Lips Of An Angel,Lips Of An Angel,Lips Of An Angel,Lips Of An Angel,Lips Of An Angel,Lips Of An Angel,Lips Of An Angel,Lips Of An Angel,Lips Of An Angel,Walk It Out,Tattoo,Don't Trust Me,Fireflies,Black And Yellow,Too Close,Treasure,Loyal,Hotline Bling,Low Life,Scars To Your Beautiful,No Limit,Goodbyes
30,Give Me Just A Little More Time,Whatcha See Is Whatcha Get,Rockin' Robin,Give Me Love (Give Me Peace On Earth),Nothing From Nothing,Lucy In The Sky With Diamonds,Lonely Night (angel Face),BLINDED BY THE LIGHT,The Closer I Get To You,I Want You To Want Me,Special Lady,Passion,Even The Nights Are Better,Stray Cat Strut,She Bop,One More Night,Mad About You,Control,Where Do Broken Hearts Go,Buffalo Stance,I Don't Have The Heart,Everytime We Touch,Everytime We Touch,Everytime We Touch,Everytime We Touch,Everytime We Touch,Everytime We Touch,Everytime We Touch,Everytime We Touch,Everytime We Touch,Everytime We Touch,Everytime We Touch,Everytime We Touch,Everytime We Touch,Everytime We Touch,Everytime We Touch,Everytime We Touch,Beautiful Girls,See You Again,Run This Town,Say Aah,Tonight Tonight,Part Of Me,The Way,Best Day Of My Life,Hey Mama,What Do You Mean?,1-800-273-8255,FEFE,ZEZE
31,Love Grows (Where My Rosemary Goes),That's The Way I've Always Heard It Should Be,Beautiful Sunday,If You Want Me To Stay,Top Of The World,Mandy,All By Myself,Looks Like We Made It,Dust In The Wind,Main Event,Send One Your Love,Lady (You Bring Me Up),I've Never Been To Me,Allentown,Borderline,Sea Of Love,Something About You,U Got The Look,Angel,When I'm With You,Downtown Train,Ain't No Other Man,Ain't No Other Man,Ain't No Other Man,Ain't No Other Man,Ain't No Other Man,Ain't No Other Man,Ain't No Other Man,Ain't No Other Man,Ain't No Other Man,Ain't No Other Man,Ain't No Other Man,Ain't No Other Man,Ain't No Other Man,Ain't No Other Man,Ain't No Other Man,Ain't No Other Man,"This Ain't A Scene, It's An Arms Race",Shake It,Let It Rock,Find Your Love,Blow,"Young, Wild & Free",Started From The Bottom,Habits (Stay High),G.D.F.R.,The Hills,Slow Hands,Tequila,Better Now
32,SNOWBIRD,If You Really Love Me,Scorpio,Daddy's Home,THE JOKER,Have You Never Been Mellow,Love To Love You Baby,So In To You,Short People,Mama Can't Buy You Love,The Second Time Around,Crying,65 Love Affair,Stand Back,Sunglasses At Night,A View To A Kill,Venus,Land Of Confusion,The Way You Make Me Feel,Don't Rush Me,Rhythm Nation,"Dance, Dance","Dance, Dance","Dance, Dance","Dance, Dance","Dance, Dance","Dance, Dance","Dance, Dance","Dance, Dance","Dance, Dance","Dance, Dance","Dance, Dance","Dance, Dance","Dance, Dance","Dance, Dance","Dance, Dance","Dance, Dance",Bartender,Stop And Stare,Fire Burning,Alejandro,Lighters,We Are Never Ever Getting Back Together,Come & Get It,Summer,What Do You Mean?,Just Like Fire,Love On The Brain,Feel It Still,Youngblood
33,Hey There Lonely Girl,Spanish Harlem,Morning Has Broken,Neither One Of Us (Wants To Be The First To Say Goodbye),I've Got To Use My Imagination,Could It Be Magic,Deep Purple,DREAMS,Use Ta Be My Girl,I Was Made For Dancing,We Don't Talk Anymore,Hearts,Heat Of The Moment,Tell Her About It,Eyes Without A Face,The Wild Boys,Dancing On The Ceiling,Jacob's Ladder,Make Me Lose Control,Born To Be My Baby,I'll Be Your Everything,Gold Digger,Gold Digger,Gold Digger,Gold Digger,Gold Digger,Gold Digger,Gold Digger,Gold Digger,Gold Digger,Gold Digger,Gold Digger,Gold Digger,Gold Digger,Gold Digger,Gold Digger,Gold Digger,"Pop, Lock & Drop It",Take You There,Whatcha Say,Ridin' Solo,If I Die Young,As Long As You Love Me,"Hold On, We're Going Home",Boom Clap,Photograph,Broccoli,I Feel It Coming,MotorSport,Money In The Grave
34,Come And Get It,Bridge Over Troubled Water,Garden Party,I'm Doing Fine Now,The Show Must Go On,Cat's In The Cradle,Sweet Thing,DAZZ,Our Love,After The Love Has Gone,Stomp,It's My Turn,Take It Easy On Me,Always Something There To Remind Me,Here Comes The Rain Again,You're The Inspiration,Conga,Who's That Girl,Red Red Wine,Good Thing,Everything,Money Maker,Money Maker,Money Maker,Money Maker,Money Maker,Money Maker,Money Maker,Money Maker,Money Maker,Money Maker,Money Maker,Money Maker,Money Maker,Money Maker,Money Maker,Money Maker,Runaway Love,Paper Planes,LoveGame,Just A Dream,Stereo Hearts,Turn Me On,Daylight,Drunk In Love,Hello,Don't,Bounce Back,I Like Me Better,Speechless
35,Turn Back The Hands Of Time,Draggin' The Line,I Can See Clearly Now,Could It Be I'm Falling In Love,Living For The City,Wildfire,A Little Bit More,I'm In You,Love Will Find A Way,The Gambler,Heartache Tonight,I Don't Need You,Pac-Man Fever,Truly,Uptown Girl,Neutron Dance,True Colors,You Got It All,Bad Medicine,The Lover In Me,Back To Life,Ms. New Booty,Ms. New Booty,Ms. New Booty,Ms. New Booty,Ms. New Booty,Ms. New Booty,Ms. New Booty,Ms. New Booty,Ms. New Booty,Ms. New Booty,Ms. New Booty,Ms. New Booty,Ms. New Booty,Ms. New Booty,Ms. New Booty,Ms. New Booty,Rockstar,Hot N Cold,Waking Up In Vegas,How Low,The Time (Dirty Bit),Moves Like Jagger,Feel This Moment,Anaconda,Stitches,Dangerous Woman,Strip That Down,Youngblood,"Break Up With Your Girlfriend, I'm Bored"
36,In The Summertime,Proud Mary,Burning Love,Daniel,Then Came You,I'm Not In Love,Shannon,Lucille,An Everlasting Love,Lotta Love,Tired Of Toein' The Line,How 'bout Us,That Girl,DIRTY LAUNDRY,Sister Christian,We Belong,Danger Zone,Touch Me (I Want Your Body),I Don't Wanna Go On With You Like That,Bust A Move,Here And Now,(When You Gonna) Give It Up To Me,(When You Gonna) Give It Up To Me,(When You Gonna) Give It Up To Me,(When You Gonna) Give It Up To Me,(When You Gonna) Give It Up To Me,(When You Gonna) Give It Up To Me,(When You Gonna) Give It Up To Me,(When You Gonna) Give It Up To Me,(When You Gonna) Give It Up To Me,(When You Gonna) Give It Up To Me,(When You Gonna) Give It Up To Me,(When You Gonna) Give It Up To Me,(When You Gonna) Give It Up To Me,(When You Gonna) Give It Up To Me,(When You Gonna) Give It Up To Me,(When You Gonna) Give It Up To Me,Thnks Fr Th Mmrs,Live Your Life,Birthday Sex,Like A G6,Coming Home,Blow Me (One Last Kiss),Applause,Break Free,Talking Body,Jumpman,Fake Love,Whatever It Takes,Please Me
37,Indiana Wants Me,Beginnings/Colour My World,Clean Up Woman,Midnight Train To Georgia,The Night Chicago Died,I Can Help,If You Leave Me Now,Da Doo Ron Ron,Love Is In The Air,Lady,Better Love Next Time,Hit Me With Your Best Shot,Trouble,Too Shy,Drive,Nightshift,What Have You Done For Me Lately,I Just Can't Stop Loving You,Together Forever,Real Love,Alright,Photograph,Photograph,Photograph,Photograph,Photograph,Photograph,Photograph,Photograph,Photograph,Photograph,Photograph,Photograph,Photograph,Photograph,Photograph,Photograph,What I've Done,Bust It Baby Part 2,Sober,Carry Out,Hey Baby (Drop It To The Floor),Good Time,One More Night,Bailando,Jealous,I Hate U I Love U,Don't Wanna Know,Ric Flair Drip,Money
38,(I Know) I'm Losing You,Sweet City Woman,Hold Your Head Up,Smoke On The Water,The Entertainer,Fallin' In Love,Lowdown,Handy Man,Goodbye Girl,Heaven Must Have Sent You,Him,Time,Making Love,Goody Two Shoes,Twist of Fate,Things Can Only Get Better,No One Is To Blame,Causing A Commotion,Monkey,Every Little Step,Ice Ice Baby,Because Of You,Because Of You,Because Of You,Because Of You,Because Of You,Because Of You,Because Of You,Because Of You,Because Of You,Because Of You,Because Of You,Because Of You,Because Of You,Because Of You,Because Of You,Because Of You,Summer Love,American Boy,Womanizer,Haven't Met You Yet,Only Girl (In The World),Give Your Heart A Break,Love Me,Burn,Time Of Our Lives,Here,Look What You Made Me Do,I Fall Apart,You Need To Calm Down
39,"Easy Come, Easy Go",If,Everything I Own,Behind Closed Doors,Waterloo,Feelings,Show Me The Way,You And Me,Slip Slidin' Away,Hold The Line,On The Radio,Hungry Heart,Love's Been A Little Bit Hard On Me,Rock The Casbah,UNION OF THE SNAKE,All I Need,Let's Go All The Way,In Too Deep,Devil Inside,Hangin' Tough,Blame It On The Rain,Stickwitu,Stickwitu,Stickwitu,Stickwitu,Stickwitu,Stickwitu,Stickwitu,Stickwitu,Stickwitu,Stickwitu,Stickwitu,Stickwitu,Stickwitu,Stickwitu,Stickwitu,Stickwitu,You,Got Money,Whatever You Like,Club Can't Handle Me,6 Foot 7 Foot,Ni**as in Paris,My Songs Know What You Did In The Dark (Light Em Up),Wiggle,Locked Away,Same Old Love,Castle On The Hill,Pray For Me,Panini
40,Still Water (Love),"Mercy, Mercy Me (The Ecology)",In The Rain,Your Mama Don't Dance,The Air That I Breathe,When Will I Be Loved,Dream On,Swayin' To The Music (Slow Dancin'),The Groove Line,He's The Greatest Dancer,Emotional Rescue,Sweetheart,Young Turks,OUR HOUSE,Hard Habit To Break,Freeway Of Love,Words Get In the Way,Let's Wait Awhile,Should've Known Better,My Heart Can't Tell You No,Have You Seen Her,I'm N Luv (Wit A Stripper),I'm N Luv (Wit A Stripper),I'm N Luv (Wit A Stripper),I'm N Luv (Wit A Stripper),I'm N Luv (Wit A Stripper),I'm N Luv (Wit A Stripper),I'm N Luv (Wit A Stripper),I'm N Luv (Wit A Stripper),I'm N Luv (Wit A Stripper),I'm N Luv (Wit A Stripper),I'm N Luv (Wit A Stripper),I'm N Luv (Wit A Stripper),I'm N Luv (Wit A Stripper),I'm N Luv (Wit A Stripper),I'm N Luv (Wit A Stripper),I'm N Luv (Wit A Stripper),Wait For You,Our Song,Obsessed,Down,Just A Kiss,The One That Got Away,F**kin Problems,Rather Be,Somebody,Controlla,Bad Things,Back To You,Look Back At It
41,Make Me Smile,Bring The Boys Home,Look What You Done For Me,Feelin' Stronger Every Day,Rikki Don't Lose That Number,Chevy Van,I Love Music (Part 1),Lonely Boy,Thunder Island,Sharing The Night Together,Rise,Somebody's Knockin',Freeze-frame,Overkill,The Warrior,Never Surrender,Walk Of Life,Hip To Be Square,I Don't Wanna Live Without Your Love,You Got It (The Right Stuff),With Every Beat Of My Heart,My Humps,My Humps,My Humps,My Humps,My Humps,My Humps,My Humps,My Humps,My Humps,My Humps,My Humps,My Humps,My Humps,My Humps,My Humps,My Humps,Last Night,Damaged,Mad,Bulletproof,Dirt Road Anthem,Feel So Close,Beauty And A Beat,Don't Tell 'Em,FourFiveSeconds,Like I'm Gonna Lose You,Paris,Sicko Mode,A Lot
42,House Of The Rising Sun,I Just Want To Celebrate,Where Is The Love,Cisco Kid,Help Me,"You're The First, The Last, My Everything",Say You Love Me,I Wish,Imaginary Lover,She Believes In Me,All Out Of Love,More Than I Can Say,Keep The Fire Burnin',Is There Something I Should Know,If Ever You're In My Arms Again,Sussudio,Amanda,Will You Still Love Me?,The Loco-Motion,Armageddon It,Come Back To Me,Where'd You Go,Where'd You Go,Where'd You Go,Where'd You Go,Where'd You Go,Where'd You Go,Where'd You Go,Where'd You Go,Where'd You Go,Where'd You Go,Where'd You Go,Where'd You Go,Where'd You Go,Where'd You Go,Where'd You Go,Where'd You Go,Make It Rain,A Milli,Good Girls Go Bad,Whatcha Say,Dynamite,Someone Like You,Same Love,Show Me,Centuries,One Call Away,Side To Side,Walk It Talk It,ME!
43,25 Or 6 To 4,Never Ending Song Of Love,Bang A Gong (Get It On),Live And Let Die,You Won't See Me,Please Mr. Please,Devil Woman,Don't Stop,Still The Same,In The Navy,Cool Change,Together,Do You Believe In Love,Gloria,Automatic,Strut,Two Of Hearts,Little Lies,What Have I Done To Deserve This?,Satisfied,No More Lies,Yo (Excuse Me Miss),Yo (Excuse Me Miss),Yo (Excuse Me Miss),Yo (Excuse Me Miss),Yo (Excuse Me Miss),Yo (Excuse Me Miss),Yo (Excuse Me Miss),Yo (Excuse Me Miss),Yo (Excuse Me Miss),Yo (Excuse Me Miss),Yo (Excuse Me Miss),Yo (Excuse Me Miss),Yo (Excuse Me Miss),Yo (Excuse Me Miss),Yo (Excuse Me Miss),Yo (Excuse Me Miss),Make Me Better,Sorry,Love Lockdown,Baby,No Hands,Scream,Sweet Nothing,Wrecking Ball,My Way,Let It Go,Rockabye,Gucci Gang,MIA
44,My Baby Loves Lovin',Easy Loving,Mother And Child Reunion,I Believe In You,You And Me Against The World,You're No Good,Fooled Around And Fell In Love,Barracuda,My Angel Baby,Music Box Dancer,You're Only Lonely,Too Much Time On My Hands,Cool Night,Affair Of The Heart,LET THE MUSIC PLAY,You Give Good Love,Crush On You,LUKA,Make It Real,Express Yourself,Praying For Time,Walk Away,Walk Away,Walk Away,Walk Away,Walk Away,Walk Away,Walk Away,Walk Away,Walk Away,Walk Away,Walk Away,Walk Away,Walk Away,Walk Away,Walk Away,Walk Away,Ice Box,Independent,So What,Whataya Want From Me,I Wanna Go,Rack City,Summertime Sadness,Not A Bad Thing,Take Your Time,No,Feel It Still,Him & I,Pop Out
45,United We Stand,Liar,I'm Still In Love With You,Sing,Be Thankful For What You Got,Walking In Rhythm,Convoy,Strawberry Letter 23,Disco Inferno,The Devil Went Down To Georgia,Desire,What Are We Doin' In Love,Why Do Fools Fall In Love,She's A Beauty,To All The Girls I've Loved Before,The Search Is Over,If You Leave,Don't Mean Nothing,What's On Your Mind (Pure Energy),I Like It,How Can We Be Lovers,Laffy Taffy,Laffy Taffy,Laffy Taffy,Laffy Taffy,Laffy Taffy,Laffy Taffy,Laffy Taffy,Laffy Taffy,Laffy Taffy,Laffy Taffy,Laffy Taffy,Laffy Taffy,Laffy Taffy,Laffy Taffy,Laffy Taffy,Laffy Taffy,Lips Of An Angel,Can't Believe It,Hotel Room Service,Mine,I'm On One,Domino,Home,Roar,Animals,Never Forget You,Let Me Love You,In My Blood,Beautiful Crazy
46,We've Only Just Begun,Stick-Up,Layla,Dueling Banjos,Hang On In There Baby,The Way We Were/try To Remember,Welcome Back,Night Moves,On Broadway,Gold,Let My Love Open The Door,Who's Crying Now,Love In The First Degree,Solitaire,That's All,Missing You,Invisible Touch,Songbird,Tell It To My Heart,Soldier Of Love,Do You Remember?,What You Know,What You Know,What You Know,What You Know,What You Know,What You Know,What You Know,What You Know,What You Know,What You Know,What You Know,What You Know,What You Know,What You Know,What You Know,What You Know,Waiting On The World To Change,Like You'll Never See Me Again,Crack A Bottle,Only Girl (In The World),You Make Me Feel...,Gangnam Style,It's Time,Ain't It Fun,I Don't F**k With You,Let Me Love You,Sorry Not Sorry,All The Stars,Thotiana
47,Arizona,Wild World,Day Dreaming,Higher Ground,Eres Tu (Touch The Wind),Midnight Blue,Sing A Song,You're My World,Come Sail Away,Goodnight Tonight,Romeo's Tune,"De Do Do Do, De Da Da Da",Hooked On Classics,Don't Let It End,Running With The Night,Raspberry Beret,The Sweetest Taboo,Carrie,Out Of The Blue,Sowing The Seeds Of Love,Ready Or Not,Dirty Little Secret,Dirty Little Secret,Dirty Little Secret,Dirty Little Secret,Dirty Little Secret,Dirty Little Secret,Dirty Little Secret,Dirty Little Secret,Dirty Little Secret,Dirty Little Secret,Dirty Little Secret,Dirty Little Secret,Dirty Little Secret,Dirty Little Secret,Dirty Little Secret,Dirty Little Secret,Lost Without U,Teardrops On My Guitar,If I Were A Boy,Live Like We're Dying,Yeah 3X,International Love,Power Trip,The Man,B**** Better Have My Money,Don't Mind,Bank Account,Stir Fry,Lucid Dreams
48,Fire And Rain,"When You're Hot, You're Hot",Black And White,Here I Am (Come And Take Me),Radar Love,"Don't Call Us, We'll Call You",HEAVEN MUST BE MISSING AN ANGEL,Heard It In A Love Song,This Time I'm In It For Love,We Are Family,Daydream Believer,This Little Girl,Wasted On The Way,HOW AM I SUPPOSED TO LIVE WITHOUT YOU,Sad Songs (Say So Much),Suddenly,What You Need,Don't Disturb This Groove,Don't You Want Me,Cherish,U Can't Touch This,Savin' Me,Savin' Me,Savin' Me,Savin' Me,Savin' Me,Savin' Me,Savin' Me,Savin' Me,Savin' Me,Savin' Me,Savin' Me,Savin' Me,Savin' Me,Savin' Me,Savin' Me,Savin' Me,I'm A Flirt,When I Grow Up,Turnin Me On,Hard,Moment 4 Life,Home,Girl On Fire,This Is How We Roll,Flex (Ooh Ooh Ooh),H.O.L.Y.,Can't Stop The Feeling!,Too Good At Goodbyes,Mo Bamba
49,Groovy Situation,If Not For You,Hurting Each Other,Superfly,Please Come To Boston,Poetry Man,I'll Be Good To You,Carry On Wayward Son,You Belong To Me,Rock 'n' Roll Fantasy,I Can't Tell You Why,Stop Draggin' My Heart Around,Think I'm In Love,China Girl,I Want A New Drug,THE BOYS OF SUMMER,Talk To Me,La Isla Bonita,Desire,When The Children Cry,I Wish It Would Rain Down,Don't Forget About Us,Don't Forget About Us,Don't Forget About Us,Don't Forget About Us,Don't Forget About Us,Don't Forget About Us,Don't Forget About Us,Don't Forget About Us,Don't Forget About Us,Don't Forget About Us,Don't Forget About Us,Don't Forget About Us,Don't Forget About Us,Don't Forget About Us,Don't Forget About Us,Don't Forget About Us,If Everyone Cared,Sensual Seduction,I Hate This Part,Young Forever,I Need A Doctor,Without You,Heart Attack,Classic,Nasty Freestyle,We Don't Talk Anymore,Mi Gente,Love.,Beautiful People
50,Evil Ways,Groove Me,Coconut,Last Song,Keep On Smilin',How Long,Rock And Roll Music,New Kid In Town/victim Of Love,Here You Come Again,Every 1's A Winner,Don't Let Go,Giving It Up For Your Love,Love Is In Control (Finger On The Trigger),Come Dancing,Love Is A Battlefield,One Night In Bangkok,Nasty,Bad,I Get Weak,18 And Life,Just Between You And Me,Sexy Love,Sexy Love,Sexy Love,Sexy Love,Sexy Love,Sexy Love,Sexy Love,Sexy Love,Sexy Love,Sexy Love,Sexy Love,Sexy Love,Sexy Love,Sexy Love,Sexy Love,Sexy Love,Get It Shawty,What You Got,Gotta Be Somebody,Blah Blah Blah,Just A Dream,Ass Back Home,Love Somebody,A Sky Full Of Stars,Only,Into You,Thunder,This Is America,Wake Up In The Sky
51,No Time,Watching Scotty Grow,Don't Say You Don't Remember,Get Down,Lookin' For A Love,Express,Shop Around,After The Lovin',Blue Bayou,Take Me Home,She's Out Of My Life,A Little In Love,Personally,"Promises, Promises",Infatuation,If You Love Somebody Set Them Free,Your Love,Sign 'O' The Times,Sign Your Name,I Don't Want Your Love,Something Happened On The Way To Heaven,U And Dat,U And Dat,U And Dat,U And Dat,U And Dat,U And Dat,U And Dat,U And Dat,U And Dat,U And Dat,U And Dat,U And Dat,U And Dat,U And Dat,U And Dat,U And Dat,Face Down,It's Not My Time,Please Don't Leave Me,Bottoms Up,Motivation,Wanted,I Will Wait,Don't,Elastic Heart,Gold,T-Shirt,Nonstop,Whiskey Glasses
52,The Wonder Of You/Mama Liked The Roses,Woodstock,Puppy Love,Reelin' In The Years,Put Your Hands Together,Lady,Saturday Night,Jet Airliner,Peg,Boogie Wonderland,Fame,America,ONE HUNDRED WAYS,The Other Guy,Legs,Obsession,I'm Your Man,Change Of Heart,I Want To Be Your Man,SECOND CHANCE,Black Cat,Far Away,Far Away,Far Away,Far Away,Far Away,Far Away,Far Away,Far Away,Far Away,Far Away,Far Away,Far Away,Far Away,Far Away,Far Away,Far Away,The Way I Live,Better In Time,Paparazzi,Do You Remember,Stereo Love,Drunk On You,Try,Na Na,Cool For The Summer,Exchange,Rake It Up,Heaven,God's Country
53,Up Around The Bend/Run Through The Jungle,Amazing Grace,You Don't Mess Around With Jim,Hocus Pocus,On And On,Bad Time,Island Girl,Stand Tall,You Needed Me,(Our Love) Don't Throw It All Away,How Do I Make You,Ain't Even Done With The Night,Blue Eyes,MAKING LOVE OUT OF NOTHING AT ALL,Love Somebody,We Don't Need Another Hero (Thunderdome),Perfect Way,Come Go With Me,Girlfriend,The Way You Love Me,Can't Stop,What's Left Of Me,What's Left Of Me,What's Left Of Me,What's Left Of Me,What's Left Of Me,What's Left Of Me,What's Left Of Me,What's Left Of Me,What's Left Of Me,What's Left Of Me,What's Left Of Me,What's Left Of Me,What's Left Of Me,What's Left Of Me,What's Left Of Me,What's Left Of Me,Shortie Like Mine,Crank That (Soulja Boy),Beautiful,All The Right Moves,Jar Of Hearts,No Lie,Wagon Wheel,Hot Boy,Renegades,679,Mercy,Bodak Yellow (Money Moves),Be Alright
54,I Just Can't Help Believing,Lonely Days,Hot Rod Lincoln,Yesterday Once More,Oh Very Young,Only Women Bleed,Let's Do It Again (Soundtrack),Way Down,Reminiscing,What You Won't Do For Love,Into The Night,Arthur's Theme,Our Lips Are Sealed,I Won't Hold You Back,MISS ME BLIND,Material Girl,Living In America,Can't We Try,Dirty Diana,Funky Cold Medina,Janie's Got A Gun,So What,So What,So What,So What,So What,So What,So What,So What,So What,So What,So What,So What,So What,So What,So What,So What,It Ends Tonight,Shadow Of The Day,Viva La Vida,According To You,Roll Up,Want U Back,Gangnam Style,"Hold On, We're Going Home",I Don't Mind,Oui,Tunnel Vision,Freaky Friday,Pure Water
55,Mississippi Queen,Trapped By A Thing Called Love,Joy,Boogie Woogie Bugle Boy,Leave Me Alone (ruby Red Dress),Doctor's Orders,This Masquerade,Weekend In New England,Count On Me,New York Groove,Let Me Love You Tonight,Another One Bites The Dust,You Could Have Been With Me,All Right,If This Is It,Better Be Good To Me,Word Up,To Be A Lover,Mercedes Boy,Miss You Like Crazy,The Humpty Dance,Do It To It,Do It To It,Do It To It,Do It To It,Do It To It,Do It To It,Do It To It,Do It To It,Do It To It,Do It To It,Do It To It,Do It To It,Do It To It,Do It To It,Do It To It,Do It To It,A Bay Bay,Sweetest Girl (Dollar Bill),Right Now (Na Na Na),My Chick Bad,Sexy And I Know It,Don't Wake Me Up,I Need Your Love,Sing,Love Me Harder,Hands To Myself,Rockstar,Gummo,The Git Up
56,I Want To Take You Higher,Mama's Pearl,Anticipation,Clair,Goodbye Yellow Brick Road,One Man Woman/One Woman Man,Evil Woman,It Was Almost Like A Song,Baby Hold On,Sultans Of Swing,Misunderstanding,Games People Play,You Can Do Magic,Straight From The Heart,You Might Think,Head Over Heels,Why Can't This Be Love,Mandolin Rain,Perfect World,Love Song,I'll Be Your Shelter,Black Horse & The Cherry Tree,Black Horse & The Cherry Tree,Black Horse & The Cherry Tree,Black Horse & The Cherry Tree,Black Horse & The Cherry Tree,Black Horse & The Cherry Tree,Black Horse & The Cherry Tree,Black Horse & The Cherry Tree,Black Horse & The Cherry Tree,Black Horse & The Cherry Tree,Black Horse & The Cherry Tree,Black Horse & The Cherry Tree,Black Horse & The Cherry Tree,Black Horse & The Cherry Tree,Black Horse & The Cherry Tree,Black Horse & The Cherry Tree,Because Of You,Miss Independent,Battlefield,You Belong With Me,Rocketeer,Dance (A$$),Die Young,Radioactive,Wildest Dreams,2 Phones,In Case You Didn't Know,Plug Walk,Taki Taki
57,Yellow River,I Woke Up In Love This Morning,Never Been To Spain,Do It Again,Oh My My,Feel Like Makin' Love,Wham Bam,Cold As Ice,Hey Deanie,I Want Your Love,An American Dream,While You See A Chance,I Ran,Heart To Heart,Lucky Star,Axel F,Typical Male,Breakout,New Sensation,Secret Rendezvous,Free Fallin',There It Go! (The Whistle Song),There It Go! (The Whistle Song),There It Go! (The Whistle Song),There It Go! (The Whistle Song),There It Go! (The Whistle Song),There It Go! (The Whistle Song),There It Go! (The Whistle Song),There It Go! (The Whistle Song),There It Go! (The Whistle Song),There It Go! (The Whistle Song),There It Go! (The Whistle Song),There It Go! (The Whistle Song),There It Go! (The Whistle Song),There It Go! (The Whistle Song),There It Go! (The Whistle Song),There It Go! (The Whistle Song),I Tried,Fall For You,Sugar,Meet Me Halfway,All Of The Lights,Springsteen,Some Nights,My Hitta,Stay With Me,Starboy,Heathens,Wait,Close To Me
58,Somebody's Been Sleeping,If I Were Your Woman,School's Out,Kodachrome,For The Love Of Money,How Sweet It Is (To Be Loved By You),I'm Easy,Ariel,Summer Nights,Ain't No Stoppin' Us Now,One Fine Day,Master Blaster,Somebody's Baby,My Love,Cover Me,Smooth Operator,Tarzan Boy,Stand By Me,Catch Me (I'm Falling),Angel Eyes,Giving You The Benefit,Shoulder Lean,Shoulder Lean,Shoulder Lean,Shoulder Lean,Shoulder Lean,Shoulder Lean,Shoulder Lean,Shoulder Lean,Shoulder Lean,Shoulder Lean,Shoulder Lean,Shoulder Lean,Shoulder Lean,Shoulder Lean,Shoulder Lean,Shoulder Lean,Welcome To The Black Parade,In The Ayer,Miss Independent,Take It Off,Hold It Against Me,Brokenhearted,Bad,Cool Kids,You Know You Like It,For Free,Now Or Never,Be Careful,Envy Me
59,Lay A Little Lovin' On Me,Wedding Song (There Is Love),Saturday In The Park,Why Can't We Live Together,I Shot The Sheriff,Dance With Me,Wake Up Everybody (Part 1),Lost Without Your Love,What's Your Name,Lonesome Loser,DIM ALL THE LIGHTS,Hello Again,Oh No,I'm Still Standing,Cum On Feel The Noize,In My House,True Blue,"Tonight, Tonight, Tonight",If It Isn't Love,Patience,Enjoy The Silence,Unpredictable,Unpredictable,Unpredictable,Unpredictable,Unpredictable,Unpredictable,Unpredictable,Unpredictable,Unpredictable,Unpredictable,Unpredictable,Unpredictable,Unpredictable,Unpredictable,Unpredictable,Unpredictable,Shawty,Say,Fireflies,Over,More,Not Over You,Boys 'round Here,Hey Brother,Uma Thurman,Never Be Like You,Caroline,Wolves,You Say
60,Up The Ladder To The Roof,Here Comes The Sun,Drowning In The Sea Of Love,So Very Hard To Go,Jet,Cut The Cake,Summer,Theme From Star Wars,Don't It Make My Brown Eyes Blue,Renegade,You May Be Right,Don't Stand So Close To Me,Take It Away,Hot Girls In Love,Breakdance,Don't Lose My Number,Rumors,Someday,Rocket 2 U,Walk On Water,Love Song,My Love,My Love,My Love,My Love,My Love,My Love,My Love,My Love,My Love,My Love,My Love,My Love,My Love,My Love,My Love,My Love,Chasing Cars,One Step At A Time,New Divide,Animal,What The Hell,Stereo Hearts,"Gone, Gone, Gone",Trumpets,7/11,In The Night,Rolex,Bartier Cardi,"Hey Look Ma, I Made It"
61,Travelin' Band/Who'll Stop The Rain,Sweet Mary,Use Me,Masterpiece,Don't Let The Sun Go Down On Me,Never Can Say Goodbye,Let Her In,Float On,Every Kinda People,LOVE IS THE ANSWER,Should've Never Let You Go,Hey Nineteen,It's Gonna Take A Miracle,It's A Mistake,They Don't Know,All Through The Night,Life In A Northern Town,When Smokey Sings,One Good Woman,Cover Girl,Price Of Love,Shake That,Shake That,Shake That,Shake That,Shake That,Shake That,Shake That,Shake That,Shake That,Shake That,Shake That,Shake That,Shake That,Shake That,Shake That,Shake That,Beautiful Liar,Hate That I Love You,Empire State Of Mind,Misery,Written In The Stars,Back In Time,Demons,Animals,The Heart Wants What It Wants,Me Too,DNA.,God Is A Woman,Circles
62,Psychedelic Shack,Right On The Tip Of My Tongue,Family Affair,Peaceful,Tubular Bells,I Don't Like To Sleep Alone,Fox On The Run,Jeans On,Copacabana,Got To Be Real,Pilot Of The Airwaves,I Ain't Gonna Stand For It,Love Will Turn You Around,I'll Tumble 4 Ya,An Innocent Man,Run To You,Bad Boy,Casanova,Don't Be Cruel,Welcome To The Jungle,Girls Nite Out,Pullin' Me Back,Pullin' Me Back,Pullin' Me Back,Pullin' Me Back,Pullin' Me Back,Pullin' Me Back,Pullin' Me Back,Pullin' Me Back,Pullin' Me Back,Pullin' Me Back,Pullin' Me Back,Pullin' Me Back,Pullin' Me Back,Pullin' Me Back,Pullin' Me Back,Pullin' Me Back,SexyBack,Superstar,No Surprise,Magic,Bottoms Up,Work Out,Counting Stars,Burnin' It Down,Girl Crush,Ex's & Oh's,Juju On That Beat (TZ Anthem),Big Bank,Beer Never Broke My Heart
63,Without Love (There Is Nothing),Riders On The Storm,Power Of Love,One Of A Kind (Love Affair),Love Song,Morning Side Of The Mountain,Rhiannon (will You Ever Win),Lido Shuffle,You And I,Born To Be Alive,Hurt So Bad,All Those Years Ago,Don't Stop Believin',All This Love,Cruel Summer,Glory Days,Sleeping Bag,Rhythm Is Gonna Get You,CANDLE IN THE WIND,Shower Me With Your Love,What Kind Of Man Would I Be?,Bossy,Bossy,Bossy,Bossy,Bossy,Bossy,Bossy,Bossy,Bossy,Bossy,Bossy,Bossy,Bossy,Bossy,Bossy,Bossy,Keep Holding On,Suffocate,She Wolf,Paparazzi,DJ Got Us Fallin' In Love,Rumour Has It,I Cry,Play It Again,Slow Motion,Die A Happy Man,Swang,Sorry Not Sorry,The London
64,Woodstock,It's Impossible,Ain't Understanding Mellow,Funny Face,Hello It's Me,"Get Down, Get Down (Get On The Floor)",Got To Get You Into My Life,You Made Me Believe In Magic,Serpentine Fire,Shine A Little Love,Off The Wall,Step By Step,Comin' In And Out Of Your Life,Your Love Is Driving Me Crazy,Dance Hall Days,Misled,Tonight She Comes,Rock Steady,Say You Will,Stand,I Remember You,Chain Hang Low,Chain Hang Low,Chain Hang Low,Chain Hang Low,Chain Hang Low,Chain Hang Low,Chain Hang Low,Chain Hang Low,Chain Hang Low,Chain Hang Low,Chain Hang Low,Chain Hang Low,Chain Hang Low,Chain Hang Low,Chain Hang Low,Chain Hang Low,Let It Go,Let It Rock,Break Up,Tie Me Down,For The First Time,Let's Go,Little Talks,2 On,Drag Me Down,White Iverson,Passionfruit,How Long,Con Calma
65,I'll Never Fall In Love Again,Song,Taxi,Funky Worm,I Love,Killer Queen,Fanny (Be Tender With My Love),Livin' Thing,Sentimental Lady,I Just Fall In Love Again,I Pledge My Love,THE STROKE,Gloria,Heartbreaker,I'm So Excited,Would I Lie To You?,A Love Bizarre,Wanted Dead Or Alive,I Want Her,Close My Eyes Forever,Get Up! (Before The Night Is Over),Smack That,Smack That,Smack That,Smack That,Smack That,Smack That,Smack That,Smack That,Smack That,Smack That,Smack That,Smack That,Smack That,Smack That,Smack That,Smack That,Apologize,Get Like Me,Sweet Dreams,Your Love,Honey Bee,Good Girl,The Other Side,Dirt,Truffle Butter,Close,Loyalty.,Lights Down Low,Murder On My Mind
66,The Thrill Is Gone,Song,Sealed With A Kiss,ANGIE,Clap For The Wolfman,Shoeshine Boy,Getaway,Give A Little Bit,Falling,Shake It,The Long Run,Feels So Right,Empty Garden,Faithfully,I Still Can't Get Over Loving You,Be Near Me,Throwing It All Away,Big Time,Pink Cadillac,All This Time,Here We Are,One Wish,One Wish,One Wish,One Wish,One Wish,One Wish,One Wish,One Wish,One Wish,One Wish,One Wish,One Wish,One Wish,One Wish,One Wish,One Wish,Bubbly,Realize,Every Girl,Party In The U.S.A.,Don't You Wanna Stay,Pontoon,Berzerk,Love Runs Out,One Last Time,Unsteady,Praying,Young Dumb & Broke,When The Party's Over
67,It's Only Make Believe,Song,I SAW THE LIGHT,Don't Expect Me To Be Your Friend,I'll Have To Say I Love You In A Song,Can't Get It Out Of My Head,Still The One,Love So Right,Don't Let Me Be Misunderstood,I Was Made For Lovin' You,Stand By Me,Same Old Lang Syne,Yesterday's Songs,Steppin' Out,Holiday,No More Lonely Nights,Baby Love,The Finer Things,Fast Car,Roni,Epic,"Sugar, We're Goin' Down","Sugar, We're Goin' Down","Sugar, We're Goin' Down","Sugar, We're Goin' Down","Sugar, We're Goin' Down","Sugar, We're Goin' Down","Sugar, We're Goin' Down","Sugar, We're Goin' Down","Sugar, We're Goin' Down","Sugar, We're Goin' Down","Sugar, We're Goin' Down","Sugar, We're Goin' Down","Sugar, We're Goin' Down","Sugar, We're Goin' Down","Sugar, We're Goin' Down","Sugar, We're Goin' Down",Like A Boy,Put On,Fallin' For You,Deuces,We Found Love,Ho Hey,Catch My Breath,Bottoms Up,Chains,Sucker For Pain,Goosebumps,One Kiss,Act Up
68,Call Me,Song,Motorcycle Mama,Break Up To Make Up,The Lord's Prayer,Sha-la-la (makes Me Happy),You're My Best Friend,I Never Cry,Bluer Than Blue,I Just Wanna Stop,Heartbreaker,Cool Love,Crimson And Clover,Take Me To Heart,Nobody Told Me,I Can't Hold Back,Election Day,Let Me Be The One,Electric Blue,Love In An Elevator,Love Takes Time,Gimme That,Gimme That,Gimme That,Gimme That,Gimme That,Gimme That,Gimme That,Gimme That,Gimme That,Gimme That,Gimme That,Gimme That,Gimme That,Gimme That,Gimme That,Gimme That,Who Knew,The Time Of My Life,Untouched,3,Pretty Girl Rock,Paradise,Crash My Party,Shower,All Eyes On You,Down In The DM,Cold,Natural,I Like It
69,Song,Song,Day By Day,Daisy A Day,Trying To Hold On To My Woman,Lonely People,With Your Love,Nobody Does It Better,Running On Empty,Ooh Baby Baby,Drivin' My Life Away,Hold On Tight,Every Little Thing She Does Is Magic,(she's) Sexy + 17,Church Of The Poison Mind,Freedom,Nikita,Is This Love,The Valley Road,Lay Your Hands On Me,Just Like Jesse James,I Know You See It,I Know You See It,I Know You See It,I Know You See It,I Know You See It,I Know You See It,I Know You See It,I Know You See It,I Know You See It,I Know You See It,I Know You See It,I Know You See It,I Know You See It,I Know You See It,I Know You See It,I Know You See It,Never Again,Lolli Lolli (Pop That Body),If Today Was Your Last Day,Impossible,You And I,Blown Away,Pour It Up,Me And My Broken Heart,No Type,Luv,Broccoli,You Make It Easy,Trampoline
70,Song,Song,Roundabout,Also Sprach Zarathustra (2001),A Very Special Love Song,Rockford Files,Slow Ride,High School Dance,Get Off,September,Take The Long Way Home,It's Now Or Never,Here I Am,Try Again,Think Of Laura,Too Late For Goodbyes,Take Me Home,Diamonds,Don't Be Cruel,The Promise,All Or Nothing,Who Says You Can't Go Home,Who Says You Can't Go Home,Who Says You Can't Go Home,Who Says You Can't Go Home,Who Says You Can't Go Home,Who Says You Can't Go Home,Who Says You Can't Go Home,Who Says You Can't Go Home,Who Says You Can't Go Home,Who Says You Can't Go Home,Who Says You Can't Go Home,Who Says You Can't Go Home,Who Says You Can't Go Home,Who Says You Can't Go Home,Who Says You Can't Go Home,Who Says You Can't Go Home,Promise,Cyclone,Throw It In The Bag,Forever,Like A G6,Rolling In The Deep,22,Animals,Riptide,Sorry,Slide,Shape Of You,Leave Me Alone
71,Song,Song,Doctor My Eyes,Stir It Up,My Girl Bill,It Only Takes A Minute,Who'd She Coo?,Love's Grown Deep,Life's Been Good,Time Passages,Sara,Treat Me Right,I Keep Forgettin' (every Time You're Near),Dead Giveaway,Time Will Reveal,Valotte,Walk This Way,Point Of No Return,Piano In The Dark,What I Am,Romeo,Too Little Too Late,Too Little Too Late,Too Little Too Late,Too Little Too Late,Too Little Too Late,Too Little Too Late,Too Little Too Late,Too Little Too Late,Too Little Too Late,Too Little Too Late,Too Little Too Late,Too Little Too Late,Too Little Too Late,Too Little Too Late,Too Little Too Late,Too Little Too Late,Bed,Love Like This,Love Drunk,Two Is Better Than One,Without You,Climax,I Want Crazy,Lifestyle,Classic Man,Can't Feel My Face,What Ifs,I Get The Bag,Breathin
72,Song,Song,Baby Let Me Take You (In My Arms),Money,Helen Wheels,No No Song/snookeroo,The Boys Are Back In Town,Ain't Gonna Bump No More (with No Big Fat Woman),You Can't Turn Me Off (In The Middle Of Turning Me On),Rise,Jo Jo,Winning,Get Down On It,Lawyers In Love,Wrapped Around Your Finger,Some Like It Hot,Sweet Love,Big Love,When It's Love,I Remember Holding You,Everybody Everybody,Touch It,Touch It,Touch It,Touch It,Touch It,Touch It,Touch It,Touch It,Touch It,Touch It,Touch It,Touch It,Touch It,Touch It,Touch It,Touch It,Throw Some D's,Burnin' Up,I Love College,My First Kiss,Back To December,"Work Hard, Play Hard",The Fox,American Kids,Ex's & Oh's,Hymn For The Weekend,Chained To The Rhythm,No Brainer,Bury A Friend
73,Song,Song,Speak To The Sky,Gypsy Man,My Mistake Was To Love You,Bungle In The Jungle,Walk Away From Love,I Wanna Get Next To You,It's So Easy,Don't Bring Me Down,September Morn',What Kind Of Fool,Any Day Now,What About Me,Round And Round,Solid,Your Wildest Dreams,Midnight Blue,Don't Shed A Tear,Paradise City,I Go To Extremes,Rompe,Rompe,Rompe,Rompe,Rompe,Rompe,Rompe,Rompe,Rompe,Rompe,Rompe,Rompe,Rompe,Rompe,Rompe,Rompe,Rehab,Love Lockdown,If U Seek Amy,Already Gone,Teenage Dream,Let Me Love You (Until You Learn To Love Yourself),Best Song Ever,Brave,Dear Future Husband,Say It,Feels,Plain Jane,Close Friends
74,Song,Song,Song,The World Is A Ghetto,Wildwood Weed,Long Tall Glasses (I Can Dance),Baby I Love Your Way,Somebody To Love,Native New Yorker,Promises,Give Me The Night,WATCHING THE WHEELS,Make A Move On Me,Human Nature,Head Over Heels,Angel,Spies Like Us,Something So Strong,We'll Be Together,I Wanna Have Some Fun,Whip Appeal,Deja Vu,Deja Vu,Deja Vu,Deja Vu,Deja Vu,Deja Vu,Deja Vu,Deja Vu,Deja Vu,Deja Vu,Deja Vu,Deja Vu,Deja Vu,Deja Vu,Deja Vu,Deja Vu,Big Things Poppin' (Do It),I Luv Your Girl,Big Green Tractor,Rock That Body,Crazy Girl,Pound The Alarm,The A Team,Sweater Weather,Marvin Gaye,Antidote,All Time Low,Sky Walker,Baby Shark
75,Song,Song,Song,Yes We Can Can,Beach Baby,Misty,Young Hearts Run Free,Muskrat Love,Flashlight,Get Used To It,Broken Hearted Me,Tell It Like It Is,Take My Heart,Photograph,The Longest Time,I'm On Fire,Object Of My Desire,Heat Of The Night,I Hate Myself For Loving You,She Wants To Dance With Me,Oh Girl,Life Is A Highway,Life Is A Highway,Life Is A Highway,Life Is A Highway,Life Is A Highway,Life Is A Highway,Life Is A Highway,Life Is A Highway,Life Is A Highway,Life Is A Highway,Life Is A Highway,Life Is A Highway,Life Is A Highway,Life Is A Highway,Life Is A Highway,Life Is A Highway,No One,Crush,White Horse,Secrets,Cheers (Drink To That),Come Over,Carry On,Leave The Night On,Like I'm Gonna Lose You,Lost Boy,Hurricane,Marry Me,My Type
76,Song,Song,Song,FREE RIDE,Me And Baby Brother,Someone Saved My Life Tonight,Breaking Up Is Hard To Do,Walk This Way,Don't Look Back,How Much I Feel,You Decorated My Life,Smokey Mountain Rain,Mirror Mirror,Pass The Dutchie,Tonight,Who's Holding Donna Now,Dreamtime,Nothing's Gonna Change My Love For You,I Don't Want To Live Without You,Dreamin',(It's Just) The Way That You Love Me,Call Me When You're Sober,Call Me When You're Sober,Call Me When You're Sober,Call Me When You're Sober,Call Me When You're Sober,Call Me When You're Sober,Call Me When You're Sober,Call Me When You're Sober,Call Me When You're Sober,Call Me When You're Sober,Call Me When You're Sober,Call Me When You're Sober,Call Me When You're Sober,Call Me When You're Sober,Call Me When You're Sober,Call Me When You're Sober,The Great Escape,Hypnotized,Disturbia,Naturally,Who Says,Heart Attack,Highway Don't Care,New Flame,Habits (Stay High),Side To Side,Too Good At Goodbyes,Eastside,Worth It
77,Song,Song,Song,Space Oddity,Rockin' Roll Baby,Bad Blood,Money Honey,Year Of The Cat,Turn To Stone,Suspicions,TUSK,I Made It Through The Rain,Vacation,True,Got A Hold On Me,What About Love,Tender Love,Brilliant Disguise,Nite And Day,It's No Crime,We Can't Go Wrong,"Jesus, Take The Wheel","Jesus, Take The Wheel","Jesus, Take The Wheel","Jesus, Take The Wheel","Jesus, Take The Wheel","Jesus, Take The Wheel","Jesus, Take The Wheel","Jesus, Take The Wheel","Jesus, Take The Wheel","Jesus, Take The Wheel","Jesus, Take The Wheel","Jesus, Take The Wheel","Jesus, Take The Wheel","Jesus, Take The Wheel","Jesus, Take The Wheel","Jesus, Take The Wheel",2 Step,Big Girls Don't Cry,21 Guns,Un-Thinkable (I'm Ready),Barefoot Blue Jean Night,Drank In My Cup,That's My Kind Of Night,Love Never Felt So Good,The Hanging Tree,"Sit Still, Look Pretty",Young Dumb & Broke,Call Out My Name,Only Human
78,Song,Song,Song,It Never Rains In Southern California,I Honestly Love You,Only Yesterday,Tear The Roof Off The Sucker,Boogie Nights,I Can't Stand The Rain,You Take My Breath Away,I Wanna Be Your Lover,Suddenly,Oh Pretty Woman,Far From Over,Dancing In The Sheets,California Girls,King For A Day,Just To See Her,Don't You Know What The Night Can Do?,Poison,When I'm Back On My Feet Again,Show Stopper,Show Stopper,Show Stopper,Show Stopper,Show Stopper,Show Stopper,Show Stopper,Show Stopper,Show Stopper,Show Stopper,Show Stopper,Show Stopper,Show Stopper,Show Stopper,Show Stopper,Show Stopper,Walk Away (Remember Me),Good Life,Turn My Swag On,All I Do Is Win,Knee Deep,Birthday Cake,Swimming Pools (Drank),Drunk On A Plane,CoCo,Wildest Dreams,Magnolia,King's Dead,Knockin' Boots
79,Song,Song,Song,The Twelfth Of Never,Call On Me,Only You,Junk Food Junkie,Go Your Own Way,Ebony Eyes,How You Gonna See Me Now,In America,For Your Eyes Only,Should I Do It,"It Might Be You (Theme From ""Tootsie"")",UNDERCOVER OF THE NIGHT,Fresh,Love Will Conquer All,Who Will You Run To,One Moment In Time,THIS TIME I KNOW IT's FOR REAL,Make You Sweat,Get Up,Get Up,Get Up,Get Up,Get Up,Get Up,Get Up,Get Up,Get Up,Get Up,Get Up,Get Up,Get Up,Get Up,Get Up,Get Up,Go Getta,Womanizer,Rockin' That Thang,I Made It (Cash Money Heroes),Country Girl (Shake It For Me),So Good,Sure Be Cool If You Did,Birthday,Bang Bang,Middle,Love Galore,Happier,Trip
80,Song,Song,Song,Song,Wild Thing,Third Rate Romance,Tryin' To Get The Feeling Again,Sorry Seems To Be The Hardest Word,The Name Of The Game,Double Vision,Breakdown Dead Ahead,The Beach Boys Medley,Hot In The City,"Tonight, I Celebrate My Love",On The Dark Side,Do What You Do,A Different Corner,Respect Yourself,Can't Stay Away From You,Smooth Criminal,This One's For The Children,We Be Burnin',We Be Burnin',We Be Burnin',We Be Burnin',We Be Burnin',We Be Burnin',We Be Burnin',We Be Burnin',We Be Burnin',We Be Burnin',We Be Burnin',We Be Burnin',We Be Burnin',We Be Burnin',We Be Burnin',We Be Burnin',Here (In Your Arms),Love Story,Chicken Fried,Stuck Like Glue,Remind Me,50 Ways To Say Goodbye,#Beautiful,Bartender,Lay Me Down,On My Mind,Drowning,Te Bote,Rumor
81,Song,Song,Song,Song,Song,You Ain't Seen Nothing Yet/Free Wheelin',Rock And Roll All Night (Live Version),Don't Worry Baby,We're All Alone,Somewhere In The Night,Ships,Whip It,Kids In America,Breaking Us In Two,New Moon On Monday,Jungle Love,I'll Be Over You,Victory,Kissing A Fool,Rock Wit'cha,What It Takes,Hate Me,Hate Me,Hate Me,Hate Me,Hate Me,Hate Me,Hate Me,Hate Me,Hate Me,Hate Me,Hate Me,Hate Me,Hate Me,Hate Me,Hate Me,Hate Me,On The Hotline,Just Fine,Diva,Hey Daddy (Daddy's Home),In The Dark,Red Solo Cup,Troublemaker,La La La,Tuesday,Pop Style,Starving,Simple,Swervin
82,Song,Song,Song,Song,Song,Swearin' To God,Disco Duck,"Knowing Me, Knowing You",Hollywood Nights,We've Got Tonight,All Night Long,Modern Girl,Man On Your Mind,Fall In Love With Me,Major Tom (Coming Home),Born In The U.S.A.,Go Home,Doing It All For My Baby,I STILL BELIEVE,What You Don't Know,Forever,You And Me,You And Me,You And Me,You And Me,You And Me,You And Me,You And Me,You And Me,You And Me,You And Me,You And Me,You And Me,You And Me,You And Me,You And Me,You And Me,Wind It Up,Piece Of Me,Replay,There Goes My Baby,Backseat,Love You Like A Love Song,Body Party,Blurred Lines,Hit The Quan,When We Were Young,Both,Lemon,How Do You Sleep?
83,Song,Song,Song,Song,Song,Song,Take The Money And Run,How Much Love,Deacon Blues,Dance The Night Away,Song,Really Wanna Know You,What's Forever For,Song,Magic,Private Dancer,Song,Right On Track,I Found Someone,The End Of The Innocence,Jerk Out,Beep,Beep,Beep,Beep,Beep,Beep,Beep,Beep,Beep,Beep,Beep,Beep,Beep,Beep,Beep,Beep,Cyclone,The Boss,Then,Today Was A Fairytale,Headlines,Turn Up The Music,Adorn,Do What U Want,Downtown,Hide Away,What About Us,1-800-273-8255,Baby
84,Song,Song,Song,Song,Song,Song,Squeeze Box,Theme From Star Wars,Song,Dancing Shoes,Song,Seven Year Ache,WAITING ON A FRIEND,Song,When You Close Your Eyes,Who's Zoomin' Who,Song,Ballerina Girl,Never Tear Us Apart,Keep On Movin',Just A Friend,I Think They Like Me,I Think They Like Me,I Think They Like Me,I Think They Like Me,I Think They Like Me,I Think They Like Me,I Think They Like Me,I Think They Like Me,I Think They Like Me,I Think They Like Me,I Think They Like Me,I Think They Like Me,I Think They Like Me,I Think They Like Me,I Think They Like Me,I Think They Like Me,Break It Off,All Summer Long,Her Diamonds,Say Something,Best Thing I Never Had,Die Young,Hall Of Fame,Can't Remember To Forget You,House Party,Lean On,Swalla,Say Something,Look What God Gave Her
85,Song,Song,Song,Song,Song,Song,Country Boy (you Got Your Feet In L.a.),Devil's Gun,Song,The Boss,Song,I'm Coming Out,Do I Do,Song,Rock Me Tonite,Fortress Around Your Heart,Song,Meet Me Half Way,Valerie,Song,Without You,Say Goodbye,Say Goodbye,Say Goodbye,Say Goodbye,Say Goodbye,Say Goodbye,Say Goodbye,Say Goodbye,Say Goodbye,Say Goodbye,Say Goodbye,Say Goodbye,Say Goodbye,Say Goodbye,Say Goodbye,Say Goodbye,First Time,Can't Help But Wait,How Do You Sleep?,Sweet Dreams,Don't Wanna Go Home,5 O'Clock,Let Me Love You (Until You Learn To Love Yourself),Amnesia,Ayo,I Know What You Did Last Summer,Slippery,I'm Upset,Good As You
86,Song,Song,Song,Song,Song,Song,Song,Song,Song,Sail On,Song,Miss Sun,Working For The Weekend,Song,Yah Mo Be There,Penny Lover,Song,I've Been In Love Before,Just Like Paradise,Song,Swing The Mood,Waiting On The World To Change,Waiting On The World To Change,Waiting On The World To Change,Waiting On The World To Change,Waiting On The World To Change,Waiting On The World To Change,Waiting On The World To Change,Waiting On The World To Change,Waiting On The World To Change,Waiting On The World To Change,Waiting On The World To Change,Waiting On The World To Change,Waiting On The World To Change,Waiting On The World To Change,Waiting On The World To Change,Waiting On The World To Change,Ayo Technology,In Love With A Girl,3,Use Somebody,Where Them Girls At,A Thousand Years,U.O.E.N.O.,No Mediocre,Kick The Dust Up,Watch Me,Sign Of The Times,Get Along,Clout
87,Song,Song,Song,Song,Song,Song,Song,Song,Song,Strange Way,Song,Time Is Time,Goin' Down,Song,Song,ALL SHE WANTS TO DO IS DANCE,Song,(You Gotta) Fight For Your Right (To Party!),Nothin' But A Good Time,Song,Thieves In The Temple,Soul Survivor,Soul Survivor,Soul Survivor,Soul Survivor,Soul Survivor,Soul Survivor,Soul Survivor,Soul Survivor,Soul Survivor,Soul Survivor,Soul Survivor,Soul Survivor,Soul Survivor,Soul Survivor,Soul Survivor,Soul Survivor,Outta My System,My Life,Forever,Undo It,She Ain't You,Take A Little Ride,Next To Me,Come With Me Now,Blessings,Back To Sleep,Water Under The Bridge,Moonlight,Love Lies
88,Song,Song,Song,Song,Song,Song,Song,Song,Song,Song,Song,Song,Arthur's Theme,Song,Song,Sentimental Street,Song,Funkytown,Wait,Song,Mentirosa,Pump It,Pump It,Pump It,Pump It,Pump It,Pump It,Pump It,Pump It,Pump It,Pump It,Pump It,Pump It,Pump It,Pump It,Pump It,Pump It,Teardrops On My Guitar,I Remember,One Time,Eenie Meenie,Take A Back Road,You Da One,Mama's Broken Heart,Believe Me,Budapest,No Limit,Malibu,What Lovers Do,One Thing Right
89,Song,Song,Song,Song,Song,Song,Song,Song,Song,Song,Song,Song,Through The Years,Song,Song,Sugar Walls,Song,Love You Down,Prove Your Love,Song,Tic-Tac-Toe,When I'm Gone,When I'm Gone,When I'm Gone,When I'm Gone,When I'm Gone,When I'm Gone,When I'm Gone,When I'm Gone,When I'm Gone,When I'm Gone,When I'm Gone,When I'm Gone,When I'm Gone,When I'm Gone,When I'm Gone,When I'm Gone,Shut Up And Drive,Flashing Lights,I Run To You,Right Above It,Please Don't Go,We Run The Night,It Goes Like This,23,Chandelier,Cut It,Down,X,Cash Shit
90,Song,Song,Song,Song,Song,Song,Song,Song,Song,Song,Song,Song,Song,Song,Song,Song,Song,Song,Song,Song,Song,Hung Up,Hung Up,Hung Up,Hung Up,Hung Up,Hung Up,Hung Up,Hung Up,Hung Up,Hung Up,Hung Up,Hung Up,Hung Up,Hung Up,Hung Up,Hung Up,Snow ((Hey Oh)),Mrs. Officer,I Do Not Hook Up,The House That Built Me,Sure Thing,It's Time,Bugatti,Beachin',Heartbeat Song,Really Really,No Promises,Outside Today,Tequila
91,Song,Song,Song,Song,Song,Song,Song,Song,Song,Song,Song,Song,Song,Song,Song,Song,Song,Song,Song,Song,Song,Stay Fly,Stay Fly,Stay Fly,Stay Fly,Stay Fly,Stay Fly,Stay Fly,Stay Fly,Stay Fly,Stay Fly,Stay Fly,Stay Fly,Stay Fly,Stay Fly,Stay Fly,Stay Fly,Money Maker,7 Things,Green Light,If I Die Young,Price Tag,Cashin' Out,Wanted,White Walls,Don't,All In My Head (Flex),Treat You Better,Trip,Shotta Flow
92,Song,Song,Song,Song,Song,Song,Song,Song,Song,Song,Song,Song,Song,Song,Song,Song,Song,Song,Song,Song,Song,Love,Love,Love,Love,Love,Love,Love,Love,Love,Love,Love,Love,Love,Love,Love,Love,Kiss Kiss,You're Gonna Miss This,People Are Crazy,The Only Exception,God Gave Me You,I Don't Want This Night To End,Downtown,She Looks So Perfect,Ghost,Starving,I Get The Bag,Dura,Hot Girl Summer
93,Song,Song,Song,Song,Song,Song,Song,Song,Song,Song,Song,Song,Song,Song,Song,Song,Song,Song,Song,Song,Song,When You're Mad,When You're Mad,When You're Mad,When You're Mad,When You're Mad,When You're Mad,When You're Mad,When You're Mad,When You're Mad,When You're Mad,When You're Mad,When You're Mad,When You're Mad,When You're Mad,When You're Mad,When You're Mad,Far Away,Love Remains The Same,Whatever It Is,American Honey,She Will,Diamonds,Get Your Shine On,Stay The Night,Here,Adventure Of A Lifetime,Small Town Boy,Changes,Talk You Out Of It
94,Song,Song,Song,Song,Song,Song,Song,Song,Song,Song,Song,Song,Song,Song,Song,Song,Song,Song,Song,Song,Song,Why You Wanna,Why You Wanna,Why You Wanna,Why You Wanna,Why You Wanna,Why You Wanna,Why You Wanna,Why You Wanna,Why You Wanna,Why You Wanna,Why You Wanna,Why You Wanna,Why You Wanna,Why You Wanna,Why You Wanna,Why You Wanna,Rock Yo Hips,Feels Like Tonight,Already Gone,King Of Anything,Are You Gonna Kiss Me Or Not,Hard To Love,#thatPOWER,Partition,Waves,Humble And Kind,Everyday We Lit,Mercy,Beautiful
95,Song,Song,Song,Song,Song,Song,Song,Song,Song,Song,Song,Song,Song,Song,Song,Song,Song,Song,Song,Song,Song,Stupid Girls,Stupid Girls,Stupid Girls,Stupid Girls,Stupid Girls,Stupid Girls,Stupid Girls,Stupid Girls,Stupid Girls,Stupid Girls,Stupid Girls,Stupid Girls,Stupid Girls,Stupid Girls,Stupid Girls,Stupid Girls,LoveStoned,The Way I Are,Goodbye,Life After You,Animal,Somethin' 'Bout A Truck,Brave,Studio,El Perdon (Forgiveness),Wicked,Havana,One Number Away,Eyes On You
96,Song,Song,Song,Song,Song,Song,Song,Song,Song,Song,Song,Song,Song,Song,Song,Song,Song,Song,Song,Song,Song,Feel Good Inc,Feel Good Inc,Feel Good Inc,Feel Good Inc,Feel Good Inc,Feel Good Inc,Feel Good Inc,Feel Good Inc,Feel Good Inc,Feel Good Inc,Feel Good Inc,Feel Good Inc,Feel Good Inc,Feel Good Inc,Feel Good Inc,Feel Good Inc,Better Than Me,Addicted,Say Hey (I Love You),Smile,You And Tequila,Adorn,Let Her Go,0 To 100 / The Catch Up,She Knows,Tiimmy Turner,What Lovers Do,Powerglide,All To Myself
97,Song,Song,Song,Song,Song,Song,Song,Song,Song,Song,Song,Song,Song,Song,Song,Song,Song,Song,Song,Song,Song,I'm Sprung,I'm Sprung,I'm Sprung,I'm Sprung,I'm Sprung,I'm Sprung,I'm Sprung,I'm Sprung,I'm Sprung,I'm Sprung,I'm Sprung,I'm Sprung,I'm Sprung,I'm Sprung,I'm Sprung,I'm Sprung,Paralyzer,Into The Night,Pop Champagne,Teach Me How To Dougie,Colder Weather,Fly Over States,Runnin' Outta Moonlight,I Don't Dance,Night Changes,See You Again,Do Re Mi,IDGAF,Boyfriend
98,Song,Song,Song,Song,Song,Song,Song,Song,Song,Song,Song,Song,Song,Song,Song,Song,Song,Song,Song,Song,Song,Do I Make You Proud,Do I Make You Proud,Do I Make You Proud,Do I Make You Proud,Do I Make You Proud,Do I Make You Proud,Do I Make You Proud,Do I Make You Proud,Do I Make You Proud,Do I Make You Proud,Do I Make You Proud,Do I Make You Proud,Do I Make You Proud,Do I Make You Proud,Do I Make You Proud,Do I Make You Proud,That's That,Heaven Sent,Pretty Wings,Try Sleeping With A Broken Heart,My Last,Even If It Breaks Your Heart,I'm Different,Somethin' Bad,Back To Back,Perfect,Look At Me!,Mi Gente,Walk Me Home
99,Song,Song,Song,Song,Song,Song,Song,Song,Song,Song,Song,Song,Song,Song,Song,Song,Song,Song,Song,Song,Song,For You I Will (Confidence),For You I Will (Confidence),For You I Will (Confidence),For You I Will (Confidence),For You I Will (Confidence),For You I Will (Confidence),For You I Will (Confidence),For You I Will (Confidence),For You I Will (Confidence),For You I Will (Confidence),For You I Will (Confidence),For You I Will (Confidence),For You I Will (Confidence),For You I Will (Confidence),For You I Will (Confidence),For You I Will (Confidence),Same Girl,She Got It,Never Say Never,"Lover, Lover",Song,Burn It Down,Still Into You,Adore You,How Deep Is Your Love,Song,The Fighter,Believer,Robbery
