,'70s,'80s,'90s,'00s,'10s
0,Bridge Over Troubled Water,Magic,Hold On,Bad Day,TiK ToK
1,(They Long To Be) Close To You,Rock With You,Nothing Compares 2 U,Temperature,Need You Now
2,American Woman/No Sugar Tonight,Do That To Me One More Time,Poison,Promiscuous,"Hey, Soul Sister"
3,Raindrops Keep Fallin' On My Head,Crazy Little Thing Called Love,Vogue,You're Beautiful,California Gurls
4,War,Funkytown,Vision Of Love,Hips Don't Lie,OMG
5,Ain't No Mountain High Enough,The Rose,Another Day In Paradise,Unwritten,Airplanes
6,I'll Be There,Escape,Hold On,Crazy,Love The Way You Lie
7,Get Ready,Cars,Do Me!,Ridin',Bad Romance
8,Let It Be,CRUISIN',How Am I Supposed To Live Without You,SexyBack,Dynamite
9,Band Of Gold,Lost In Love,Opposites Attract,Check On It,Break Your Heart
10,Mama Told Me (Not To Come),Little Jeannie,Escapade,Be Without You,Nothin' On You
11,Everything Is Beautiful,Ride Like The Wind,All I Wanna Do Is Make Love To You,Grillz,I Like It
12,Make It With You,Upside Down,Close To You,Over My Head (Cable Car),BedRock
13,Hitchin' A Ride,Babe,Black Velvet,Me & U,In My Head
14,ABC,With You I'm Born Again,Release Me,Buttons,Rude Boy
15,The Love You Save/I Found That Girl,Shining Star,Don't Know Much,Run It!,Telephone
16,Cracklin' Rosie,Still,All Around The World,So Sick,Teenage Dream
17,Candida,Sexy Eyes,I Wanna Be Rich,It's Goin' Down,Just The Way You Are
18,Spirit In The Sky,Steal Away,Rub You The Right Way,SOS,Cooler Than Me
19,Lay Down (Candles In The Rain),Biggest Part Of Me,She Ain't Worth It,I Write Sins Not Tragedies,Imma Be
20,Ball Of Confusion (That's What The World Is Today),This Is It,If Wishes Came True,Move Along,Empire State Of Mind
21,All Right Now,Let's Get Serious,(Can't Live Without Your) Love And Affection,London Bridge,DJ Got Us Fallin' In Love
22,I Want You Back,Sailing,Love Will Lead You Back,Dani California,Billionaire
23,"Julie, Do Ya Love Me",Longer,Don't Wanna Fall In Love,Snap Yo Fingers,Not Afraid
24,Green-Eyed Lady,Coward Of The County,Two To Make It Right,"Lean Wit It, Rock Wit It",Replay
25,Ride Captain Ride,Ladies Night,Sending All My Love,What Hurts The Most,Sexy Chick
26,Instant Karma (We All Shine On),TOO HOT,Unskinny Bop,How To Save A Life,Breakeven
27,Patches,More Love,Step By Step,Unfaithful,Your Love Is My Drug
28,Lookin' Out My Back Door/Long As I Can See The Light,Pop Muzik,Dangerous,Chasing Cars,I Gotta Feeling
29,Rainy Night In Georgia,Brass In Pocket,We Didn't Start The Fire,Lips Of An Angel,Fireflies
30,Give Me Just A Little More Time,Special Lady,I Don't Have The Heart,Everytime We Touch,Say Aah
31,Love Grows (Where My Rosemary Goes),Send One Your Love,Downtown Train,Ain't No Other Man,Find Your Love
32,SNOWBIRD,The Second Time Around,Rhythm Nation,"Dance, Dance",Alejandro
33,Hey There Lonely Girl,We Don't Talk Anymore,I'll Be Your Everything,Gold Digger,Ridin' Solo
34,Come And Get It,Stomp,Everything,Money Maker,Just A Dream
35,Turn Back The Hands Of Time,Heartache Tonight,Back To Life,Ms. New Booty,How Low
36,In The Summertime,Tired Of Toein' The Line,Here And Now,(When You Gonna) Give It Up To Me,Like A G6
37,Indiana Wants Me,Better Love Next Time,Alright,Photograph,Carry Out
38,(I Know) I'm Losing You,Him,Ice Ice Baby,Because Of You,Haven't Met You Yet
39,"Easy Come, Easy Go",On The Radio,Blame It On The Rain,Stickwitu,Club Can't Handle Me
40,Still Water (Love),Emotional Rescue,Have You Seen Her,I'm N Luv (Wit A Stripper),Down
41,Make Me Smile,Rise,With Every Beat Of My Heart,My Humps,Bulletproof
42,House Of The Rising Sun,All Out Of Love,Come Back To Me,Where'd You Go,Whatcha Say
43,25 Or 6 To 4,Cool Change,No More Lies,Yo (Excuse Me Miss),Baby
44,My Baby Loves Lovin',You're Only Lonely,Praying For Time,Walk Away,Whataya Want From Me
45,United We Stand,Desire,How Can We Be Lovers,Laffy Taffy,Mine
46,We've Only Just Begun,Let My Love Open The Door,Do You Remember?,What You Know,Only Girl (In The World)
47,Arizona,Romeo's Tune,Ready Or Not,Dirty Little Secret,Live Like We're Dying
48,Fire And Rain,Daydream Believer,U Can't Touch This,Savin' Me,Hard
49,Groovy Situation,I Can't Tell You Why,I Wish It Would Rain Down,Don't Forget About Us,Young Forever
50,Evil Ways,Don't Let Go,Just Between You And Me,Sexy Love,Blah Blah Blah
51,No Time,She's Out Of My Life,Something Happened On The Way To Heaven,U And Dat,Bottoms Up
52,The Wonder Of You/Mama Liked The Roses,Fame,Black Cat,Far Away,Do You Remember
53,Up Around The Bend/Run Through The Jungle,How Do I Make You,Can't Stop,What's Left Of Me,All The Right Moves
54,I Just Can't Help Believing,Into The Night,Janie's Got A Gun,So What,According To You
55,Mississippi Queen,Let Me Love You Tonight,The Humpty Dance,Do It To It,My Chick Bad
56,I Want To Take You Higher,Misunderstanding,I'll Be Your Shelter,Black Horse & The Cherry Tree,You Belong With Me
57,Yellow River,An American Dream,Free Fallin',There It Go! (The Whistle Song),Meet Me Halfway
58,Somebody's Been Sleeping,One Fine Day,Giving You The Benefit,Shoulder Lean,Take It Off
59,Lay A Little Lovin' On Me,DIM ALL THE LIGHTS,Enjoy The Silence,Unpredictable,Over
60,Up The Ladder To The Roof,You May Be Right,Love Song,My Love,Animal
61,Travelin' Band/Who'll Stop The Rain,Should've Never Let You Go,Price Of Love,Shake That,Misery
62,Psychedelic Shack,Pilot Of The Airwaves,Girls Nite Out,Pullin' Me Back,Magic
63,Without Love (There Is Nothing),Hurt So Bad,What Kind Of Man Would I Be?,Bossy,Paparazzi
64,Woodstock,Off The Wall,I Remember You,Chain Hang Low,Tie Me Down
65,I'll Never Fall In Love Again,I Pledge My Love,Get Up! (Before The Night Is Over),Smack That,Your Love
66,The Thrill Is Gone,The Long Run,Here We Are,One Wish,Party In The U.S.A.
67,It's Only Make Believe,Stand By Me,Epic,"Sugar, We're Goin' Down",Deuces
68,Call Me,Heartbreaker,Love Takes Time,Gimme That,3
69,Song,Drivin' My Life Away,Just Like Jesse James,I Know You See It,Impossible
70,Song,Take The Long Way Home,All Or Nothing,Who Says You Can't Go Home,Forever
71,Song,Sara,Romeo,Too Little Too Late,Two Is Better Than One
72,Song,Jo Jo,Everybody Everybody,Touch It,My First Kiss
73,Song,September Morn',I Go To Extremes,Rompe,Already Gone
74,Song,Give Me The Night,Whip Appeal,Deja Vu,Rock That Body
75,Song,Broken Hearted Me,Oh Girl,Life Is A Highway,Secrets
76,Song,You Decorated My Life,(It's Just) The Way That You Love Me,Call Me When You're Sober,Naturally
77,Song,TUSK,We Can't Go Wrong,"Jesus, Take The Wheel",Un-Thinkable (I'm Ready)
78,Song,I Wanna Be Your Lover,When I'm Back On My Feet Again,Show Stopper,All I Do Is Win
79,Song,In America,Make You Sweat,Get Up,I Made It (Cash Money Heroes)
80,Song,Breakdown Dead Ahead,This One's For The Children,We Be Burnin',Stuck Like Glue
81,Song,Ships,What It Takes,Hate Me,Hey Daddy (Daddy's Home)
82,Song,All Night Long,Forever,You And Me,There Goes My Baby
83,Song,Song,Jerk Out,Beep,Today Was A Fairytale
84,Song,Song,Just A Friend,I Think They Like Me,Say Something
85,Song,Song,Without You,Say Goodbye,Sweet Dreams
86,Song,Song,Swing The Mood,Waiting On The World To Change,Use Somebody
87,Song,Song,Thieves In The Temple,Soul Survivor,Undo It
88,Song,Song,Mentirosa,Pump It,Eenie Meenie
89,Song,Song,Tic-Tac-Toe,When I'm Gone,Right Above It
90,Song,Song,Song,Hung Up,The House That Built Me
91,Song,Song,Song,Stay Fly,If I Die Young
92,Song,Song,Song,Love,The Only Exception
93,Song,Song,Song,When You're Mad,American Honey
94,Song,Song,Song,Why You Wanna,King Of Anything
95,Song,Song,Song,Stupid Girls,Life After You
96,Song,Song,Song,Feel Good Inc,Smile
97,Song,Song,Song,I'm Sprung,Teach Me How To Dougie
98,Song,Song,Song,Do I Make You Proud,Try Sleeping With A Broken Heart
99,Song,Song,Song,For You I Will (Confidence),"Lover, Lover"
100,Joy To The World,Bette Davis Eyes,Bad Day,Bad Day,Rolling In The Deep
101,Maggie May/Reason To Believe,Lady,Temperature,Temperature,Party Rock Anthem
102,It's Too Late/I Feel The Earth Move,Starting Over,Promiscuous,Promiscuous,Firework
103,How Can You Mend A Broken Heart,Jessie's Girl,You're Beautiful,You're Beautiful,E.T.
104,Go Away Little Girl,Celebration,Hips Don't Lie,Hips Don't Lie,Give Me Everything
105,Just My Imagination (Running Away With Me),I Love A Rainy Night,Unwritten,Unwritten,Grenade
106,Tired Of Being Alone,9 To 5,Crazy,Crazy,Super Bass
107,Want Ads,Keep On Loving You,Ridin',Ridin',Moves Like Jagger
108,Treat Her Like A Lady,Morning Train,SexyBack,SexyBack,Just Can't Get Enough
109,BROWN SUGAR,Being With You,Check On It,Check On It,On The Floor
110,You've Got A Friend,Queen Of Hearts,Be Without You,Be Without You,S&M
111,Mr. Big Stuff,Rapture,Grillz,Grillz,Pumped Up Kicks
112,Do You Know What I Mean,A Woman Needs Love,Over My Head (Cable Car),Over My Head (Cable Car),Last Friday Night (T.G.I.F.)
113,The Night They Drove Old Dixie Down,The Tide Is High,Me & U,Me & U,Just The Way You Are
114,What's Going On,Just The Two Of Us,Buttons,Buttons,Tonight (I'm Lovin' You)
115,Uncle Albert/Admiral Halsey,Slow Hand,Run It!,Run It!,Raise Your Glass
116,Signs,I Love You,So Sick,So Sick,Born This Way
117,She's A Lady,Woman,It's Goin' Down,It's Goin' Down,F**kin' Perfect
118,Amos Moses,Sukiyaki,SOS,SOS,What's My Name?
119,Superstar,The Winner Takes It All,I Write Sins Not Tragedies,I Write Sins Not Tragedies,Look At Me Now
120,My Sweet Lord/Isn't It A Pity,Medley,Move Along,Move Along,Down On Me
121,Put Your Hand In The Hand,Love On The Rocks,London Bridge,London Bridge,How To Love
122,For All We Know,Every Woman In The World,Dani California,Dani California,Someone Like You
123,If You Could Read My Mind,The One That You Love,Snap Yo Fingers,Snap Yo Fingers,Good Life
124,Help Me Make It Through The Night,Guilty,"Lean Wit It, Rock Wit It","Lean Wit It, Rock Wit It",The Lazy Song
125,Never Can Say Goodbye,The Best Of Times,What Hurts The Most,What Hurts The Most,Till The World Ends
126,Rose Garden,Elvira,How To Save A Life,How To Save A Life,The Show Goes On
127,Don't Pull Your Love,Take It On The Run,Unfaithful,Unfaithful,The Edge Of Glory
128,It Don't Come Easy,Woman In Love,Chasing Cars,Chasing Cars,We R Who We R
129,Mr. Bojangles,URGENT,Lips Of An Angel,Lips Of An Angel,Black And Yellow
130,Whatcha See Is Whatcha Get,Passion,Everytime We Touch,Everytime We Touch,Tonight Tonight
131,That's The Way I've Always Heard It Should Be,Lady (You Bring Me Up),Ain't No Other Man,Ain't No Other Man,Blow
132,If You Really Love Me,Crying,"Dance, Dance","Dance, Dance",Lighters
133,Spanish Harlem,Hearts,Gold Digger,Gold Digger,If I Die Young
134,Bridge Over Troubled Water,It's My Turn,Money Maker,Money Maker,Stereo Hearts
135,Draggin' The Line,I Don't Need You,Ms. New Booty,Ms. New Booty,The Time (Dirty Bit)
136,Proud Mary,How 'bout Us,(When You Gonna) Give It Up To Me,(When You Gonna) Give It Up To Me,Coming Home
137,Beginnings/Colour My World,Hit Me With Your Best Shot,Photograph,Photograph,Hey Baby (Drop It To The Floor)
138,Sweet City Woman,Time,Because Of You,Because Of You,Only Girl (In The World)
139,If,Hungry Heart,Stickwitu,Stickwitu,6 Foot 7 Foot
140,"Mercy, Mercy Me (The Ecology)",Sweetheart,I'm N Luv (Wit A Stripper),I'm N Luv (Wit A Stripper),Just A Kiss
141,Bring The Boys Home,Somebody's Knockin',My Humps,My Humps,Dirt Road Anthem
142,I Just Want To Celebrate,More Than I Can Say,Where'd You Go,Where'd You Go,Dynamite
143,Never Ending Song Of Love,Together,Yo (Excuse Me Miss),Yo (Excuse Me Miss),No Hands
144,Easy Loving,Too Much Time On My Hands,Walk Away,Walk Away,I Wanna Go
145,Liar,What Are We Doin' In Love,Laffy Taffy,Laffy Taffy,I'm On One
146,Stick-Up,Who's Crying Now,What You Know,What You Know,You Make Me Feel...
147,Wild World,"De Do Do Do, De Da Da Da",Dirty Little Secret,Dirty Little Secret,Yeah 3X
148,"When You're Hot, You're Hot",This Little Girl,Savin' Me,Savin' Me,Moment 4 Life
149,If Not For You,Stop Draggin' My Heart Around,Don't Forget About Us,Don't Forget About Us,I Need A Doctor
150,Groove Me,Giving It Up For Your Love,Sexy Love,Sexy Love,Just A Dream
151,Watching Scotty Grow,A Little In Love,U And Dat,U And Dat,Motivation
152,Woodstock,America,Far Away,Far Away,Stereo Love
153,Amazing Grace,Ain't Even Done With The Night,What's Left Of Me,What's Left Of Me,Jar Of Hearts
154,Lonely Days,Arthur's Theme,So What,So What,Roll Up
155,Trapped By A Thing Called Love,Another One Bites The Dust,Do It To It,Do It To It,Sexy And I Know It
156,Mama's Pearl,Games People Play,Black Horse & The Cherry Tree,Black Horse & The Cherry Tree,Rocketeer
157,I Woke Up In Love This Morning,While You See A Chance,There It Go! (The Whistle Song),There It Go! (The Whistle Song),All Of The Lights
158,If I Were Your Woman,Master Blaster,Shoulder Lean,Shoulder Lean,Hold It Against Me
159,Wedding Song (There Is Love),Hello Again,Unpredictable,Unpredictable,More
160,Here Comes The Sun,Don't Stand So Close To Me,My Love,My Love,What The Hell
161,Sweet Mary,Hey Nineteen,Shake That,Shake That,Written In The Stars
162,Right On The Tip Of My Tongue,I Ain't Gonna Stand For It,Pullin' Me Back,Pullin' Me Back,Bottoms Up
163,Riders On The Storm,All Those Years Ago,Bossy,Bossy,DJ Got Us Fallin' In Love
164,It's Impossible,Step By Step,Chain Hang Low,Chain Hang Low,For The First Time
165,Song,THE STROKE,Smack That,Smack That,Honey Bee
166,Song,Feels So Right,One Wish,One Wish,Don't You Wanna Stay
167,Song,Same Old Lang Syne,"Sugar, We're Goin' Down","Sugar, We're Goin' Down",We Found Love
168,Song,Cool Love,Gimme That,Gimme That,Pretty Girl Rock
169,Song,Hold On Tight,I Know You See It,I Know You See It,You And I
170,Song,It's Now Or Never,Who Says You Can't Go Home,Who Says You Can't Go Home,Like A G6
171,Song,Treat Me Right,Too Little Too Late,Too Little Too Late,Without You
172,Song,Winning,Touch It,Touch It,Back To December
173,Song,What Kind Of Fool,Rompe,Rompe,Teenage Dream
174,Song,WATCHING THE WHEELS,Deja Vu,Deja Vu,Crazy Girl
175,Song,Tell It Like It Is,Life Is A Highway,Life Is A Highway,Cheers (Drink To That)
176,Song,Smokey Mountain Rain,Call Me When You're Sober,Call Me When You're Sober,Who Says
177,Song,I Made It Through The Rain,"Jesus, Take The Wheel","Jesus, Take The Wheel",Barefoot Blue Jean Night
178,Song,Suddenly,Show Stopper,Show Stopper,Knee Deep
179,Song,For Your Eyes Only,Get Up,Get Up,Country Girl (Shake It For Me)
180,Song,The Beach Boys Medley,We Be Burnin',We Be Burnin',Remind Me
181,Song,Whip It,Hate Me,Hate Me,In The Dark
182,Song,Modern Girl,You And Me,You And Me,Backseat
183,Song,Really Wanna Know You,Beep,Beep,Headlines
184,Song,Seven Year Ache,I Think They Like Me,I Think They Like Me,Best Thing I Never Had
185,Song,I'm Coming Out,Say Goodbye,Say Goodbye,Don't Wanna Go Home
186,Song,Miss Sun,Waiting On The World To Change,Waiting On The World To Change,Where Them Girls At
187,Song,Time Is Time,Soul Survivor,Soul Survivor,She Ain't You
188,Song,Song,Pump It,Pump It,Take A Back Road
189,Song,Song,When I'm Gone,When I'm Gone,Please Don't Go
190,Song,Song,Hung Up,Hung Up,Sure Thing
191,Song,Song,Stay Fly,Stay Fly,Price Tag
192,Song,Song,Love,Love,God Gave Me You
193,Song,Song,When You're Mad,When You're Mad,She Will
194,Song,Song,Why You Wanna,Why You Wanna,Are You Gonna Kiss Me Or Not
195,Song,Song,Stupid Girls,Stupid Girls,Animal
196,Song,Song,Feel Good Inc,Feel Good Inc,You And Tequila
197,Song,Song,I'm Sprung,I'm Sprung,Colder Weather
198,Song,Song,Do I Make You Proud,Do I Make You Proud,My Last
199,Song,Song,For You I Will (Confidence),For You I Will (Confidence),Song
200,Alone Again (Naturally),Physical,Bad Day,Bad Day,Somebody That I Used To Know
201,American Pie (Parts I & II),I Love Rock 'N' Roll,Temperature,Temperature,Call Me Maybe
202,Without You,Don't You Want Me,Promiscuous,Promiscuous,We Are Young
203,I Gotcha,Hurts So Good,You're Beautiful,You're Beautiful,Payphone
204,Lean On Me,Abracadabra,Hips Don't Lie,Hips Don't Lie,Lights
205,Baby Don't Get Hooked On Me,Hard To Say I'm Sorry,Unwritten,Unwritten,Glad You Came
206,Brand New Key,Tainted Love,Crazy,Crazy,Stronger (What Doesn't Kill You)
207,Daddy Don't You Walk So Fast,Chariots Of Fire,Ridin',Ridin',We Found Love
208,Let's Stay Together,Harden My Heart,SexyBack,SexyBack,Starships
209,Brandy (You're A Fine Girl),Rosanna,Check On It,Check On It,What Makes You Beautiful
210,Oh Girl,867-5309/jenny,Be Without You,Be Without You,Wild Ones
211,Nice To Be With You,Key Largo,Grillz,Grillz,Set Fire To The Rain
212,My Ding-A-Ling,You Should Hear How She Talks About You,Over My Head (Cable Car),Over My Head (Cable Car),Sexy And I Know It
213,Heart Of Gold,Waiting For A Girl Like You,Me & U,Me & U,Some Nights
214,"Betcha By Golly, Wow",Don't Talk To Strangers,Buttons,Buttons,Wide Awake
215,I'll Take You There,The Sweetest Thing,Run It!,Run It!,Good Feeling
216,Ben,Always On My Mind,So Sick,So Sick,Whistle
217,Slippin' Into Darkness,Shake It Up,It's Goin' Down,It's Goin' Down,One More Night
218,A Horse With No Name,Let It Whip,SOS,SOS,Drive By
219,Song Sung Blue,We Got The Beat,I Write Sins Not Tragedies,I Write Sins Not Tragedies,The Motto
220,Popcorn,The Other Woman,Move Along,Move Along,Where Have You Been
221,Everybody Plays The Fool,Turn Your Love Around,London Bridge,London Bridge,Everybody Talks
222,Precious And Few,Sweet Dreams,Dani California,Dani California,Take Care
223,Nights In White Satin,Only The Lonely,Snap Yo Fingers,Snap Yo Fingers,Titanium
224,Go All The Way,Hold Me,"Lean Wit It, Rock Wit It","Lean Wit It, Rock Wit It",I Won't Give Up
225,Too Late To Turn Back Now,Eye In The Sky,What Hurts The Most,What Hurts The Most,It Will Rain
226,Back Stabbers,Let's Groove,How To Save A Life,How To Save A Life,Mercy
227,Sunshine,Open Arms,Unfaithful,Unfaithful,Boyfriend
228,Day After Day,Leader Of The Band,Chasing Cars,Chasing Cars,Party Rock Anthem
229,Rocket Man,Leather And Lace,Lips Of An Angel,Lips Of An Angel,Too Close
230,Rockin' Robin,Even The Nights Are Better,Everytime We Touch,Everytime We Touch,Part Of Me
231,Beautiful Sunday,I've Never Been To Me,Ain't No Other Man,Ain't No Other Man,"Young, Wild & Free"
232,Scorpio,65 Love Affair,"Dance, Dance","Dance, Dance",We Are Never Ever Getting Back Together
233,Morning Has Broken,Heat Of The Moment,Gold Digger,Gold Digger,As Long As You Love Me
234,Garden Party,Take It Easy On Me,Money Maker,Money Maker,Turn Me On
235,I Can See Clearly Now,Pac-Man Fever,Ms. New Booty,Ms. New Booty,Moves Like Jagger
236,Burning Love,That Girl,(When You Gonna) Give It Up To Me,(When You Gonna) Give It Up To Me,Blow Me (One Last Kiss)
237,Clean Up Woman,Trouble,Photograph,Photograph,Good Time
238,Hold Your Head Up,Making Love,Because Of You,Because Of You,Give Your Heart A Break
239,Everything I Own,Love's Been A Little Bit Hard On Me,Stickwitu,Stickwitu,Ni**as in Paris
240,In The Rain,Young Turks,I'm N Luv (Wit A Stripper),I'm N Luv (Wit A Stripper),The One That Got Away
241,Look What You Done For Me,Freeze-frame,My Humps,My Humps,Feel So Close
242,Where Is The Love,Keep The Fire Burnin',Where'd You Go,Where'd You Go,Someone Like You
243,Bang A Gong (Get It On),Do You Believe In Love,Yo (Excuse Me Miss),Yo (Excuse Me Miss),Scream
244,Mother And Child Reunion,Cool Night,Walk Away,Walk Away,Rack City
245,I'm Still In Love With You,Why Do Fools Fall In Love,Laffy Taffy,Laffy Taffy,Domino
246,Layla,Love In The First Degree,What You Know,What You Know,Gangnam Style
247,Day Dreaming,Hooked On Classics,Dirty Little Secret,Dirty Little Secret,International Love
248,Black And White,Wasted On The Way,Savin' Me,Savin' Me,Home
249,Hurting Each Other,Think I'm In Love,Don't Forget About Us,Don't Forget About Us,Without You
250,Coconut,Love Is In Control (Finger On The Trigger),Sexy Love,Sexy Love,Ass Back Home
251,Don't Say You Don't Remember,Personally,U And Dat,U And Dat,Wanted
252,Puppy Love,ONE HUNDRED WAYS,Far Away,Far Away,Drunk On You
253,You Don't Mess Around With Jim,Blue Eyes,What's Left Of Me,What's Left Of Me,No Lie
254,Hot Rod Lincoln,Our Lips Are Sealed,So What,So What,Want U Back
255,Joy,You Could Have Been With Me,Do It To It,Do It To It,Don't Wake Me Up
256,Anticipation,You Can Do Magic,Black Horse & The Cherry Tree,Black Horse & The Cherry Tree,Dance (A$$)
257,Never Been To Spain,I Ran,There It Go! (The Whistle Song),There It Go! (The Whistle Song),Springsteen
258,School's Out,Somebody's Baby,Shoulder Lean,Shoulder Lean,Brokenhearted
259,Saturday In The Park,Oh No,Unpredictable,Unpredictable,Not Over You
260,Drowning In The Sea Of Love,Take It Away,My Love,My Love,Stereo Hearts
261,Use Me,It's Gonna Take A Miracle,Shake That,Shake That,Back In Time
262,Family Affair,Love Will Turn You Around,Pullin' Me Back,Pullin' Me Back,Work Out
263,Power Of Love,Don't Stop Believin',Bossy,Bossy,Rumour Has It
264,Ain't Understanding Mellow,Comin' In And Out Of Your Life,Chain Hang Low,Chain Hang Low,Let's Go
265,Taxi,Gloria,Smack That,Smack That,Good Girl
266,Sealed With A Kiss,Empty Garden,One Wish,One Wish,Pontoon
267,I SAW THE LIGHT,Yesterday's Songs,"Sugar, We're Goin' Down","Sugar, We're Goin' Down",Ho Hey
268,Motorcycle Mama,Crimson And Clover,Gimme That,Gimme That,Paradise
269,Day By Day,Every Little Thing She Does Is Magic,I Know You See It,I Know You See It,Blown Away
270,Roundabout,Here I Am,Who Says You Can't Go Home,Who Says You Can't Go Home,Rolling In The Deep
271,Doctor My Eyes,I Keep Forgettin' (every Time You're Near),Too Little Too Late,Too Little Too Late,Climax
272,Baby Let Me Take You (In My Arms),Get Down On It,Touch It,Touch It,"Work Hard, Play Hard"
273,Speak To The Sky,Any Day Now,Rompe,Rompe,Let Me Love You (Until You Learn To Love Yourself)
274,Song,Make A Move On Me,Deja Vu,Deja Vu,Pound The Alarm
275,Song,Take My Heart,Life Is A Highway,Life Is A Highway,Come Over
276,Song,Mirror Mirror,Call Me When You're Sober,Call Me When You're Sober,Heart Attack
277,Song,Vacation,"Jesus, Take The Wheel","Jesus, Take The Wheel",Drank In My Cup
278,Song,Oh Pretty Woman,Show Stopper,Show Stopper,Birthday Cake
279,Song,Should I Do It,Get Up,Get Up,So Good
280,Song,Hot In The City,We Be Burnin',We Be Burnin',50 Ways To Say Goodbye
281,Song,Kids In America,Hate Me,Hate Me,Red Solo Cup
282,Song,Man On Your Mind,You And Me,You And Me,Love You Like A Love Song
283,Song,What's Forever For,Beep,Beep,Turn Up The Music
284,Song,WAITING ON A FRIEND,I Think They Like Me,I Think They Like Me,Die Young
285,Song,Do I Do,Say Goodbye,Say Goodbye,5 O'Clock
286,Song,Working For The Weekend,Waiting On The World To Change,Waiting On The World To Change,A Thousand Years
287,Song,Goin' Down,Soul Survivor,Soul Survivor,Take A Little Ride
288,Song,Arthur's Theme,Pump It,Pump It,You Da One
289,Song,Through The Years,When I'm Gone,When I'm Gone,We Run The Night
290,Song,Song,Hung Up,Hung Up,It's Time
291,Song,Song,Stay Fly,Stay Fly,Cashin' Out
292,Song,Song,Love,Love,I Don't Want This Night To End
293,Song,Song,When You're Mad,When You're Mad,Diamonds
294,Song,Song,Why You Wanna,Why You Wanna,Hard To Love
295,Song,Song,Stupid Girls,Stupid Girls,Somethin' 'Bout A Truck
296,Song,Song,Feel Good Inc,Feel Good Inc,Adorn
297,Song,Song,I'm Sprung,I'm Sprung,Fly Over States
298,Song,Song,Do I Make You Proud,Do I Make You Proud,Even If It Breaks Your Heart
299,Song,Song,For You I Will (Confidence),For You I Will (Confidence),Burn It Down
300,"Bad, Bad Leroy Brown",Every Breath You Take,Bad Day,Bad Day,Thrift Shop
301,Killing Me Softly With His Song,Billie Jean,Temperature,Temperature,Blurred Lines
302,Let's Get It On,Down Under,Promiscuous,Promiscuous,Radioactive
303,Crocodile Rock,Beat It,You're Beautiful,You're Beautiful,Harlem Shake
304,Will It Go Round In Circles,Total Eclipse Of The Heart,Hips Don't Lie,Hips Don't Lie,Can't Hold Us
305,You're So Vain,Maniac,Unwritten,Unwritten,Mirrors
306,Touch Me In The Morning,Sweet Dreams (Are Made Of This),Crazy,Crazy,Just Give Me A Reason
307,The Night The Lights Went Out In Georgia,Do You Really Want To Hurt Me,Ridin',Ridin',When I Was Your Man
308,Playground In My Mind,You And I,SexyBack,SexyBack,Cruise
309,Delta Dawn,Shame On The Moon,Check On It,Check On It,Roar
310,Frankenstein,She Works Hard For The Money,Be Without You,Be Without You,Locked Out Of Heaven
311,Little Willy,Never Gonna Let You Go,Grillz,Grillz,Ho Hey
312,You Are The Sunshine Of My Life,Hungry Like The Wolf,Over My Head (Cable Car),Over My Head (Cable Car),Stay
313,Half Breed,Let's Dance,Me & U,Me & U,Get Lucky
314,That Lady,Twilight Zone,Buttons,Buttons,Royals
315,We're An American Band,I Know There's Something Going On,Run It!,Run It!,I Knew You Were Trouble.
316,"Right Place, Wrong Time",Electric Avenue,So Sick,So Sick,We Can't Stop
317,Wildflower,She Blinded Me With Science,It's Goin' Down,It's Goin' Down,Wrecking Ball
318,Superstition,Africa,SOS,SOS,Wake Me Up!
319,The Morning After,Little Red Corvette,I Write Sins Not Tragedies,I Write Sins Not Tragedies,Suit & Tie
320,Rocky Mountain High,Mr. Roboto,Move Along,Move Along,Cups (Pitch Perfect's When I'm Gone)
321,Stuck In The Middle With You,You Are,London Bridge,London Bridge,Holy Grail
322,Shambala,Puttin' On The Ritz,Dani California,Dani California,Scream & Shout
323,Love Train,Sexual Healing,Snap Yo Fingers,Snap Yo Fingers,Clarity
324,Keep On Truckin',(Keep Feeling) Fascination,"Lean Wit It, Rock Wit It","Lean Wit It, Rock Wit It",Sail
325,Danny's Song,The Safety Dance,What Hurts The Most,What Hurts The Most,Don't You Worry Child
326,Dancing In The Moonlight,Mickey,How To Save A Life,How To Save A Life,Diamonds
327,Natural High,You Can't Hurry Love,Unfaithful,Unfaithful,I Love It
328,Diamond Girl,Separate Ways,Chasing Cars,Chasing Cars,Safe And Sound
329,Long Train Running,1999,Lips Of An Angel,Lips Of An Angel,Treasure
330,Give Me Love (Give Me Peace On Earth),Stray Cat Strut,Everytime We Touch,Everytime We Touch,The Way
331,If You Want Me To Stay,Allentown,Ain't No Other Man,Ain't No Other Man,Started From The Bottom
332,Daddy's Home,Stand Back,"Dance, Dance","Dance, Dance",Come & Get It
333,Neither One Of Us (Wants To Be The First To Say Goodbye),Tell Her About It,Gold Digger,Gold Digger,"Hold On, We're Going Home"
334,I'm Doing Fine Now,Always Something There To Remind Me,Money Maker,Money Maker,Daylight
335,Could It Be I'm Falling In Love,Truly,Ms. New Booty,Ms. New Booty,Feel This Moment
336,Daniel,DIRTY LAUNDRY,(When You Gonna) Give It Up To Me,(When You Gonna) Give It Up To Me,Applause
337,Midnight Train To Georgia,Too Shy,Photograph,Photograph,One More Night
338,Smoke On The Water,Goody Two Shoes,Because Of You,Because Of You,Love Me
339,Behind Closed Doors,Rock The Casbah,Stickwitu,Stickwitu,My Songs Know What You Did In The Dark (Light Em Up)
340,Your Mama Don't Dance,OUR HOUSE,I'm N Luv (Wit A Stripper),I'm N Luv (Wit A Stripper),F**kin Problems
341,Feelin' Stronger Every Day,Overkill,My Humps,My Humps,Beauty And A Beat
342,Cisco Kid,Is There Something I Should Know,Where'd You Go,Where'd You Go,Same Love
343,Live And Let Die,Gloria,Yo (Excuse Me Miss),Yo (Excuse Me Miss),Sweet Nothing
344,I Believe In You,Affair Of The Heart,Walk Away,Walk Away,Summertime Sadness
345,Sing,She's A Beauty,Laffy Taffy,Laffy Taffy,Home
346,Dueling Banjos,Solitaire,What You Know,What You Know,It's Time
347,Higher Ground,Don't Let It End,Dirty Little Secret,Dirty Little Secret,Power Trip
348,Here I Am (Come And Take Me),HOW AM I SUPPOSED TO LIVE WITHOUT YOU,Savin' Me,Savin' Me,Girl On Fire
349,Superfly,China Girl,Don't Forget About Us,Don't Forget About Us,Heart Attack
350,Last Song,Come Dancing,Sexy Love,Sexy Love,Love Somebody
351,Get Down,"Promises, Promises",U And Dat,U And Dat,I Will Wait
352,Reelin' In The Years,The Other Guy,Far Away,Far Away,Try
353,Hocus Pocus,MAKING LOVE OUT OF NOTHING AT ALL,What's Left Of Me,What's Left Of Me,Wagon Wheel
354,Yesterday Once More,I Won't Hold You Back,So What,So What,Gangnam Style
355,Boogie Woogie Bugle Boy,All Right,Do It To It,Do It To It,I Need Your Love
356,Clair,Straight From The Heart,Black Horse & The Cherry Tree,Black Horse & The Cherry Tree,Die Young
357,Do It Again,Heart To Heart,There It Go! (The Whistle Song),There It Go! (The Whistle Song),Some Nights
358,Kodachrome,My Love,Shoulder Lean,Shoulder Lean,Bad
359,Why Can't We Live Together,I'm Still Standing,Unpredictable,Unpredictable,Boys 'round Here
360,So Very Hard To Go,Hot Girls In Love,My Love,My Love,"Gone, Gone, Gone"
361,Masterpiece,It's A Mistake,Shake That,Shake That,Demons
362,Peaceful,I'll Tumble 4 Ya,Pullin' Me Back,Pullin' Me Back,Counting Stars
363,One Of A Kind (Love Affair),All This Love,Bossy,Bossy,I Cry
364,Funny Face,Your Love Is Driving Me Crazy,Chain Hang Low,Chain Hang Low,Little Talks
365,Funky Worm,Heartbreaker,Smack That,Smack That,The Other Side
366,ANGIE,Faithfully,One Wish,One Wish,Berzerk
367,Don't Expect Me To Be Your Friend,Steppin' Out,"Sugar, We're Goin' Down","Sugar, We're Goin' Down",Catch My Breath
368,Break Up To Make Up,Take Me To Heart,Gimme That,Gimme That,Crash My Party
369,Daisy A Day,(she's) Sexy + 17,I Know You See It,I Know You See It,Pour It Up
370,Also Sprach Zarathustra (2001),Try Again,Who Says You Can't Go Home,Who Says You Can't Go Home,22
371,Stir It Up,Dead Giveaway,Too Little Too Late,Too Little Too Late,I Want Crazy
372,Money,Lawyers In Love,Touch It,Touch It,The Fox
373,Gypsy Man,What About Me,Rompe,Rompe,Best Song Ever
374,The World Is A Ghetto,Human Nature,Deja Vu,Deja Vu,The A Team
375,Yes We Can Can,Photograph,Life Is A Highway,Life Is A Highway,Carry On
376,FREE RIDE,Pass The Dutchie,Call Me When You're Sober,Call Me When You're Sober,Highway Don't Care
377,Space Oddity,True,"Jesus, Take The Wheel","Jesus, Take The Wheel",That's My Kind Of Night
378,It Never Rains In Southern California,Far From Over,Show Stopper,Show Stopper,Swimming Pools (Drank)
379,The Twelfth Of Never,"It Might Be You (Theme From ""Tootsie"")",Get Up,Get Up,Sure Be Cool If You Did
380,Song,"Tonight, I Celebrate My Love",We Be Burnin',We Be Burnin',#Beautiful
381,Song,Breaking Us In Two,Hate Me,Hate Me,Troublemaker
382,Song,Fall In Love With Me,You And Me,You And Me,Body Party
383,Song,Song,Beep,Beep,Adorn
384,Song,Song,I Think They Like Me,I Think They Like Me,Hall Of Fame
385,Song,Song,Say Goodbye,Say Goodbye,Let Me Love You (Until You Learn To Love Yourself)
386,Song,Song,Waiting On The World To Change,Waiting On The World To Change,U.O.E.N.O.
387,Song,Song,Soul Survivor,Soul Survivor,Next To Me
388,Song,Song,Pump It,Pump It,Mama's Broken Heart
389,Song,Song,When I'm Gone,When I'm Gone,It Goes Like This
390,Song,Song,Hung Up,Hung Up,Bugatti
391,Song,Song,Stay Fly,Stay Fly,Wanted
392,Song,Song,Love,Love,Downtown
393,Song,Song,When You're Mad,When You're Mad,Get Your Shine On
394,Song,Song,Why You Wanna,Why You Wanna,#thatPOWER
395,Song,Song,Stupid Girls,Stupid Girls,Brave
396,Song,Song,Feel Good Inc,Feel Good Inc,Let Her Go
397,Song,Song,I'm Sprung,I'm Sprung,Runnin' Outta Moonlight
398,Song,Song,Do I Make You Proud,Do I Make You Proud,I'm Different
399,Song,Song,For You I Will (Confidence),For You I Will (Confidence),Still Into You
400,The Way We Were,When Doves Cry,Bad Day,Bad Day,Happy
401,Seasons In The Sun,What's Love Got To Do With It,Temperature,Temperature,Dark Horse
402,Love's Theme,Footloose,Promiscuous,Promiscuous,All Of Me
403,Come And Get Your Love,Against All Odds (Take A Look At Me Now),You're Beautiful,You're Beautiful,Fancy
404,Dancing Machine,Jump,Hips Don't Lie,Hips Don't Lie,Counting Stars
405,Tsop,Hello,Unwritten,Unwritten,Talk Dirty
406,The Streak,Ghostbusters,Crazy,Crazy,Rude
407,Bennie And The Jets,KARMA CHAMELEON,Ridin',Ridin',All About That Bass
408,One Hell Of A Woman,Missing You,SexyBack,SexyBack,Problem
409,Until You Come Back To Me (That's What I'm Gonna Do),All Night Long (All Night),Check On It,Check On It,Stay With Me
410,Jungle Boogie,Let's Hear It For The Boy,Be Without You,Be Without You,Timber
411,Midnight At The Oasis,Dancing In The Dark,Grillz,Grillz,Pompeii
412,You Make Me Feel Brand New,Girls Just Want To Have Fun,Over My Head (Cable Car),Over My Head (Cable Car),Shake It Off
413,Show And Tell,The Reflex,Me & U,Me & U,Am I Wrong
414,Rock On,Time After Time,Buttons,Buttons,Turn Down For What
415,Sunshine On My Shoulders,Jump (for My Love),Run It!,Run It!,The Monster
416,Hooked On A Feeling,Talking In Your Sleep,So Sick,So Sick,Say Something
417,Band On The Run,Self Control,It's Goin' Down,It's Goin' Down,Team
418,The Most Beautiful Girl,Let's Go Crazy,SOS,SOS,Let Her Go
419,Time In A Bottle,Hold Me Now,I Write Sins Not Tragedies,I Write Sins Not Tragedies,Royals
420,ANNIE'S SONG,Joanna,Move Along,Move Along,Let It Go
421,Let Me Be There,I Just Called To Say I Love You,London Bridge,London Bridge,Wake Me Up!
422,Sundown,Somebody's Watching Me,Dani California,Dani California,Demons
423,Rock Me Gently,Break My Stride,Snap Yo Fingers,Snap Yo Fingers,Story Of My Life
424,Boogie Down,99 Luftballons,"Lean Wit It, Rock Wit It","Lean Wit It, Rock Wit It",Chandelier
425,You're Sixteen,I Can Dream About You,What Hurts The Most,What Hurts The Most,Black Widow
426,If You Love Me (let Me Know),The Glamorous Life,How To Save A Life,How To Save A Life,Bang Bang
427,Dark Lady,Oh Sherrie,Unfaithful,Unfaithful,Latch
428,Feel Like Makin' Love,Stuck On You,Chasing Cars,Chasing Cars,Maps
429,Just Don't Want To Be Lonely,I Guess That's Why They Call It The Blues,Lips Of An Angel,Lips Of An Angel,Loyal
430,Nothing From Nothing,She Bop,Everytime We Touch,Everytime We Touch,Best Day Of My Life
431,Top Of The World,Borderline,Ain't No Other Man,Ain't No Other Man,Habits (Stay High)
432,THE JOKER,Sunglasses At Night,"Dance, Dance","Dance, Dance",Summer
433,I've Got To Use My Imagination,Eyes Without A Face,Gold Digger,Gold Digger,Boom Clap
434,The Show Must Go On,Here Comes The Rain Again,Money Maker,Money Maker,Drunk In Love
435,Living For The City,Uptown Girl,Ms. New Booty,Ms. New Booty,Anaconda
436,Then Came You,Sister Christian,(When You Gonna) Give It Up To Me,(When You Gonna) Give It Up To Me,Break Free
437,The Night Chicago Died,Drive,Photograph,Photograph,Bailando
438,The Entertainer,Twist of Fate,Because Of You,Because Of You,Burn
439,Waterloo,UNION OF THE SNAKE,Stickwitu,Stickwitu,Wiggle
440,The Air That I Breathe,Hard Habit To Break,I'm N Luv (Wit A Stripper),I'm N Luv (Wit A Stripper),Rather Be
441,Rikki Don't Lose That Number,The Warrior,My Humps,My Humps,Don't Tell 'Em
442,Help Me,If Ever You're In My Arms Again,Where'd You Go,Where'd You Go,Show Me
443,You Won't See Me,Automatic,Yo (Excuse Me Miss),Yo (Excuse Me Miss),Wrecking Ball
444,You And Me Against The World,LET THE MUSIC PLAY,Walk Away,Walk Away,Not A Bad Thing
445,Be Thankful For What You Got,To All The Girls I've Loved Before,Laffy Taffy,Laffy Taffy,Roar
446,Hang On In There Baby,That's All,What You Know,What You Know,Ain't It Fun
447,Eres Tu (Touch The Wind),Running With The Night,Dirty Little Secret,Dirty Little Secret,The Man
448,Radar Love,Sad Songs (Say So Much),Savin' Me,Savin' Me,This Is How We Roll
449,Please Come To Boston,I Want A New Drug,Don't Forget About Us,Don't Forget About Us,Classic
450,Keep On Smilin',Love Is A Battlefield,Sexy Love,Sexy Love,A Sky Full Of Stars
451,Lookin' For A Love,Infatuation,U And Dat,U And Dat,Don't
452,Put Your Hands Together,Legs,Far Away,Far Away,Na Na
453,On And On,Love Somebody,What's Left Of Me,What's Left Of Me,Hot Boy
454,Oh Very Young,MISS ME BLIND,So What,So What,"Hold On, We're Going Home"
455,Leave Me Alone (ruby Red Dress),If This Is It,Do It To It,Do It To It,Sing
456,Goodbye Yellow Brick Road,You Might Think,Black Horse & The Cherry Tree,Black Horse & The Cherry Tree,Radioactive
457,Oh My My,Lucky Star,There It Go! (The Whistle Song),There It Go! (The Whistle Song),My Hitta
458,For The Love Of Money,Cover Me,Shoulder Lean,Shoulder Lean,Cool Kids
459,I Shot The Sheriff,Cum On Feel The Noize,Unpredictable,Unpredictable,Hey Brother
460,Jet,Breakdance,My Love,My Love,Trumpets
461,Don't Let The Sun Go Down On Me,They Don't Know,Shake That,Shake That,Animals
462,Tubular Bells,An Innocent Man,Pullin' Me Back,Pullin' Me Back,Burnin' It Down
463,Love Song,Cruel Summer,Bossy,Bossy,Play It Again
464,Hello It's Me,Dance Hall Days,Chain Hang Low,Chain Hang Low,2 On
465,I Love,I'm So Excited,Smack That,Smack That,Dirt
466,Clap For The Wolfman,I Still Can't Get Over Loving You,One Wish,One Wish,Love Runs Out
467,I'll Have To Say I Love You In A Song,Holiday,"Sugar, We're Goin' Down","Sugar, We're Goin' Down",Bottoms Up
468,The Lord's Prayer,Nobody Told Me,Gimme That,Gimme That,Shower
469,Trying To Hold On To My Woman,Church Of The Poison Mind,I Know You See It,I Know You See It,Me And My Broken Heart
470,A Very Special Love Song,Think Of Laura,Who Says You Can't Go Home,Who Says You Can't Go Home,Animals
471,My Girl Bill,Time Will Reveal,Too Little Too Late,Too Little Too Late,Lifestyle
472,Helen Wheels,Wrapped Around Your Finger,Touch It,Touch It,American Kids
473,My Mistake Was To Love You,Round And Round,Rompe,Rompe,Brave
474,Wildwood Weed,Head Over Heels,Deja Vu,Deja Vu,Sweater Weather
475,Beach Baby,The Longest Time,Life Is A Highway,Life Is A Highway,Leave The Night On
476,Me And Baby Brother,Tonight,Call Me When You're Sober,Call Me When You're Sober,New Flame
477,Rockin' Roll Baby,Got A Hold On Me,"Jesus, Take The Wheel","Jesus, Take The Wheel",Love Never Felt So Good
478,I Honestly Love You,Dancing In The Sheets,Show Stopper,Show Stopper,Drunk On A Plane
479,Call On Me,UNDERCOVER OF THE NIGHT,Get Up,Get Up,Birthday
480,Wild Thing,On The Dark Side,We Be Burnin',We Be Burnin',Bartender
481,Song,New Moon On Monday,Hate Me,Hate Me,La La La
482,Song,Major Tom (Coming Home),You And Me,You And Me,Blurred Lines
483,Song,Magic,Beep,Beep,Do What U Want
484,Song,When You Close Your Eyes,I Think They Like Me,I Think They Like Me,Can't Remember To Forget You
485,Song,Rock Me Tonite,Say Goodbye,Say Goodbye,Amnesia
486,Song,Yah Mo Be There,Waiting On The World To Change,Waiting On The World To Change,No Mediocre
487,Song,Song,Soul Survivor,Soul Survivor,Come With Me Now
488,Song,Song,Pump It,Pump It,Believe Me
489,Song,Song,When I'm Gone,When I'm Gone,23
490,Song,Song,Hung Up,Hung Up,Beachin'
491,Song,Song,Stay Fly,Stay Fly,White Walls
492,Song,Song,Love,Love,She Looks So Perfect
493,Song,Song,When You're Mad,When You're Mad,Stay The Night
494,Song,Song,Why You Wanna,Why You Wanna,Partition
495,Song,Song,Stupid Girls,Stupid Girls,Studio
496,Song,Song,Feel Good Inc,Feel Good Inc,0 To 100 / The Catch Up
497,Song,Song,I'm Sprung,I'm Sprung,I Don't Dance
498,Song,Song,Do I Make You Proud,Do I Make You Proud,Somethin' Bad
499,Song,Song,For You I Will (Confidence),For You I Will (Confidence),Adore You
500,Love Will Keep Us Together,Like A Virgin,Bad Day,Bad Day,Uptown Funk!
501,Rhinestone Cowboy,Wake Me Up Before You Go-Go,Temperature,Temperature,Thinking Out Loud
502,Philadelphia Freedom,I Want To Know What Love Is,Promiscuous,Promiscuous,See You Again
503,Before The Next Teardrop Falls,I Feel For You,You're Beautiful,You're Beautiful,Trap Queen
504,My Eyes Adored You,Everybody Wants To Rule The World,Hips Don't Lie,Hips Don't Lie,Sugar
505,Some Kind Of Wonderful,Money For Nothing,Unwritten,Unwritten,Shut Up And Dance
506,Fame,Crazy For You,Crazy,Crazy,Blank Space
507,Laughter In The Rain,Take On Me,Ridin',Ridin',Watch Me
508,One Of These Nights,Everytime You Go Away,SexyBack,SexyBack,Earned It (Fifty Shades Of Grey)
509,Thank God I'm A Country Boy,Easy Lover,Check On It,Check On It,The Hills
510,Jive Talkin',Can't Fight This Feeling,Be Without You,Be Without You,Cheerleader
511,Best Of My Love,We Built This City,Grillz,Grillz,Can't Feel My Face
512,Lovin' You,The Power Of Love,Over My Head (Cable Car),Over My Head (Cable Car),Love Me Like You Do
513,Kung Fu Fighting,Don't You (Forget About Me),Me & U,Me & U,Take Me To Church
514,Black Water,Cherish,Buttons,Buttons,Bad Blood
515,Ballroom Blitz,St. Elmo's Fire (Man In Motion),Run It!,Run It!,Lean On
516,(Hey Won't You Play) Another Somebody Done Somebody Wrong Song,The Heat Is On,So Sick,So Sick,Want To Want Me
517,He Don't Love You (Like I Love You),We Are The World,It's Goin' Down,It's Goin' Down,Shake It Off
518,At Seventeen,Shout,SOS,SOS,Where Are U Now
519,Pick Up The Pieces,Part-Time Lover,I Write Sins Not Tragedies,I Write Sins Not Tragedies,Fight Song
520,Lady Marmalade,Saving All My Love For You,Move Along,Move Along,679
521,Why Can't We Be Friends?,Heaven,London Bridge,London Bridge,Lips Are Movin
522,Love Won't Let Me Wait,Everything She Wants,Dani California,Dani California,Worth It
523,Boogie On Reggae Woman,Cool It Now,Snap Yo Fingers,Snap Yo Fingers,Post To Be
524,Angie Baby,Miami Vice Theme,"Lean Wit It, Rock Wit It","Lean Wit It, Rock Wit It","Honey, I'm Good."
525,Jackie Blue,Loverboy,What Hurts The Most,What Hurts The Most,I'm Not The Only One
526,Fire,Lover Girl,How To Save A Life,How To Save A Life,Good For You
527,Magic,You Belong To The City,Unfaithful,Unfaithful,All About That Bass
528,Please Mr. Postman,Oh Sheila,Chasing Cars,Chasing Cars,Style
529,Sister Golden Hair,Rhythm Of The Night,Lips Of An Angel,Lips Of An Angel,Hotline Bling
530,Lucy In The Sky With Diamonds,One More Night,Everytime We Touch,Everytime We Touch,Hey Mama
531,Mandy,Sea Of Love,Ain't No Other Man,Ain't No Other Man,G.D.F.R.
532,Have You Never Been Mellow,A View To A Kill,"Dance, Dance","Dance, Dance",What Do You Mean?
533,Could It Be Magic,The Wild Boys,Gold Digger,Gold Digger,Photograph
534,Cat's In The Cradle,You're The Inspiration,Money Maker,Money Maker,Hello
535,Wildfire,Neutron Dance,Ms. New Booty,Ms. New Booty,Stitches
536,I'm Not In Love,We Belong,(When You Gonna) Give It Up To Me,(When You Gonna) Give It Up To Me,Talking Body
537,I Can Help,Nightshift,Photograph,Photograph,Jealous
538,Fallin' In Love,Things Can Only Get Better,Because Of You,Because Of You,Time Of Our Lives
539,Feelings,All I Need,Stickwitu,Stickwitu,Locked Away
540,When Will I Be Loved,Freeway Of Love,I'm N Luv (Wit A Stripper),I'm N Luv (Wit A Stripper),Somebody
541,Chevy Van,Never Surrender,My Humps,My Humps,FourFiveSeconds
542,"You're The First, The Last, My Everything",Sussudio,Where'd You Go,Where'd You Go,Centuries
543,Please Mr. Please,Strut,Yo (Excuse Me Miss),Yo (Excuse Me Miss),My Way
544,You're No Good,You Give Good Love,Walk Away,Walk Away,Take Your Time
545,Walking In Rhythm,The Search Is Over,Laffy Taffy,Laffy Taffy,Animals
546,The Way We Were/try To Remember,Missing You,What You Know,What You Know,I Don't F**k With You
547,Midnight Blue,Raspberry Beret,Dirty Little Secret,Dirty Little Secret,B**** Better Have My Money
548,"Don't Call Us, We'll Call You",Suddenly,Savin' Me,Savin' Me,Flex (Ooh Ooh Ooh)
549,Poetry Man,THE BOYS OF SUMMER,Don't Forget About Us,Don't Forget About Us,Nasty Freestyle
550,How Long,One Night In Bangkok,Sexy Love,Sexy Love,Only
551,Express,If You Love Somebody Set Them Free,U And Dat,U And Dat,Elastic Heart
552,Lady,Obsession,Far Away,Far Away,Cool For The Summer
553,Bad Time,We Don't Need Another Hero (Thunderdome),What's Left Of Me,What's Left Of Me,Renegades
554,Only Women Bleed,Material Girl,So What,So What,I Don't Mind
555,Doctor's Orders,Better Be Good To Me,Do It To It,Do It To It,Love Me Harder
556,One Man Woman/One Woman Man,Head Over Heels,Black Horse & The Cherry Tree,Black Horse & The Cherry Tree,Wildest Dreams
557,Feel Like Makin' Love,Axel F,There It Go! (The Whistle Song),There It Go! (The Whistle Song),Stay With Me
558,How Sweet It Is (To Be Loved By You),Smooth Operator,Shoulder Lean,Shoulder Lean,You Know You Like It
559,Dance With Me,In My House,Unpredictable,Unpredictable,Uma Thurman
560,Cut The Cake,Don't Lose My Number,My Love,My Love,7/11
561,Never Can Say Goodbye,All Through The Night,Shake That,Shake That,The Heart Wants What It Wants
562,I Don't Like To Sleep Alone,Run To You,Pullin' Me Back,Pullin' Me Back,Girl Crush
563,Morning Side Of The Mountain,Glory Days,Bossy,Bossy,Slow Motion
564,"Get Down, Get Down (Get On The Floor)",Misled,Chain Hang Low,Chain Hang Low,Drag Me Down
565,Killer Queen,Would I Lie To You?,Smack That,Smack That,Truffle Butter
566,Shoeshine Boy,Be Near Me,One Wish,One Wish,One Last Time
567,Can't Get It Out Of My Head,No More Lonely Nights,"Sugar, We're Goin' Down","Sugar, We're Goin' Down",Chains
568,Sha-la-la (makes Me Happy),I Can't Hold Back,Gimme That,Gimme That,All Eyes On You
569,Lonely People,Freedom,I Know You See It,I Know You See It,No Type
570,Rockford Files,Too Late For Goodbyes,Who Says You Can't Go Home,Who Says You Can't Go Home,Riptide
571,It Only Takes A Minute,Valotte,Too Little Too Late,Too Little Too Late,Classic Man
572,No No Song/snookeroo,Some Like It Hot,Touch It,Touch It,Ex's & Oh's
573,Bungle In The Jungle,Solid,Rompe,Rompe,Dear Future Husband
574,Long Tall Glasses (I Can Dance),Angel,Deja Vu,Deja Vu,Marvin Gaye
575,Misty,I'm On Fire,Life Is A Highway,Life Is A Highway,Like I'm Gonna Lose You
576,Someone Saved My Life Tonight,Who's Holding Donna Now,Call Me When You're Sober,Call Me When You're Sober,Habits (Stay High)
577,Bad Blood,What About Love,"Jesus, Take The Wheel","Jesus, Take The Wheel",The Hanging Tree
578,Only Yesterday,California Girls,Show Stopper,Show Stopper,CoCo
579,Only You,Fresh,Get Up,Get Up,Bang Bang
580,Third Rate Romance,Do What You Do,We Be Burnin',We Be Burnin',Lay Me Down
581,You Ain't Seen Nothing Yet/Free Wheelin',Jungle Love,Hate Me,Hate Me,Tuesday
582,Swearin' To God,Born In The U.S.A.,You And Me,You And Me,Hit The Quan
583,Song,Private Dancer,Beep,Beep,Downtown
584,Song,Who's Zoomin' Who,I Think They Like Me,I Think They Like Me,House Party
585,Song,Fortress Around Your Heart,Say Goodbye,Say Goodbye,Ayo
586,Song,Penny Lover,Waiting On The World To Change,Waiting On The World To Change,Kick The Dust Up
587,Song,ALL SHE WANTS TO DO IS DANCE,Soul Survivor,Soul Survivor,Blessings
588,Song,Sentimental Street,Pump It,Pump It,Budapest
589,Song,Sugar Walls,When I'm Gone,When I'm Gone,Chandelier
590,Song,Song,Hung Up,Hung Up,Heartbeat Song
591,Song,Song,Stay Fly,Stay Fly,Don't
592,Song,Song,Love,Love,Ghost
593,Song,Song,When You're Mad,When You're Mad,Here
594,Song,Song,Why You Wanna,Why You Wanna,Waves
595,Song,Song,Stupid Girls,Stupid Girls,El Perdon (Forgiveness)
596,Song,Song,Feel Good Inc,Feel Good Inc,She Knows
597,Song,Song,I'm Sprung,I'm Sprung,Night Changes
598,Song,Song,Do I Make You Proud,Do I Make You Proud,Back To Back
599,Song,Song,For You I Will (Confidence),For You I Will (Confidence),How Deep Is Your Love
600,Silly Love Songs,That's What Friends Are For,Bad Day,Bad Day,Love Yourself
601,Don't Go Breaking My Heart,I MISS YOU,Temperature,Temperature,Sorry
602,Disco Lady,ON MY OWN,Promiscuous,Promiscuous,One Dance
603,Play That Funky Music,Broken Wings,You're Beautiful,You're Beautiful,Work
604,50 Ways To Leave Your Lover,How Will I Know,Hips Don't Lie,Hips Don't Lie,Stressed Out
605,Love Is Alive,Party All The Time,Unwritten,Unwritten,Panda
606,A Fifth Of Beethoven,Burning Heart,Crazy,Crazy,Hello
607,Afternoon Delight,Kyrie,Ridin',Ridin',Don't Let Me Down
608,I Write The Songs,Addicted To Love,SexyBack,SexyBack,Can't Stop The Feeling!
609,"Fly, Robin, Fly",Greatest Love Of All,Check On It,Check On It,Closer
610,Love Hangover,Secret Lovers,Be Without You,Be Without You,Cheap Thrills
611,Get Closer,Friends And Lovers,Grillz,Grillz,7 Years
612,"More, More, More",West End Girls,Over My Head (Cable Car),Over My Head (Cable Car),Needed Me
613,Bohemian Rhapsody,There'll Be Sad Songs (To Make You Cry),Me & U,Me & U,My House
614,Misty Blue,Alive And Kicking,Buttons,Buttons,I Took A Pill In Ibiza
615,Boogie Fever,Never,Run It!,Run It!,Work From Home
616,I'd Really Love To See You Tonight,Kiss,So Sick,So Sick,This Is What You Came For
617,Love Hurts,Higher Love,It's Goin' Down,It's Goin' Down,Cake By The Ocean
618,Get Up And Boogie,Stuck With You,SOS,SOS,"Me, Myself & I"
619,Take It To The Limit,Holding Back The Years,I Write Sins Not Tragedies,I Write Sins Not Tragedies,Ride
620,Sweet Love,Sledgehammer,Move Along,Move Along,Heathens
621,Right Back Where We Started From,Sara,London Bridge,London Bridge,Pillowtalk
622,Love Rollercoaster,Human,Dani California,Dani California,Stitches
623,You Should Be Dancing,I Can't Wait,Snap Yo Fingers,Snap Yo Fingers,Hotline Bling
624,You'll Never Find Another Love Like Mine,Rock Me Amadeus,"Lean Wit It, Rock Wit It","Lean Wit It, Rock Wit It",Cold Water
625,Golden Years,Papa Don't Preach,What Hurts The Most,What Hurts The Most,Send My Love (To Your New Lover)
626,Moonlight Feels Right,You Give Love A Bad Name,How To Save A Life,How To Save A Life,Roses
627,Only Sixteen,When I Think Of You,Unfaithful,Unfaithful,Treat You Better
628,Let Your Love Flow,These Dreams,Chasing Cars,Chasing Cars,Too Good
629,Turn The Beat Around,Live To Tell,Lips Of An Angel,Lips Of An Angel,Low Life
630,Lonely Night (angel Face),Mad About You,Everytime We Touch,Everytime We Touch,What Do You Mean?
631,All By Myself,Something About You,Ain't No Other Man,Ain't No Other Man,The Hills
632,Love To Love You Baby,Venus,"Dance, Dance","Dance, Dance",Just Like Fire
633,Deep Purple,Dancing On The Ceiling,Gold Digger,Gold Digger,Broccoli
634,Sweet Thing,Conga,Money Maker,Money Maker,Don't
635,A Little Bit More,True Colors,Ms. New Booty,Ms. New Booty,Dangerous Woman
636,Shannon,Danger Zone,(When You Gonna) Give It Up To Me,(When You Gonna) Give It Up To Me,Jumpman
637,If You Leave Me Now,What Have You Done For Me Lately,Photograph,Photograph,I Hate U I Love U
638,Lowdown,No One Is To Blame,Because Of You,Because Of You,Here
639,Show Me The Way,Let's Go All The Way,Stickwitu,Stickwitu,Same Old Love
640,Dream On,Words Get In the Way,I'm N Luv (Wit A Stripper),I'm N Luv (Wit A Stripper),Controlla
641,I Love Music (Part 1),Walk Of Life,My Humps,My Humps,Like I'm Gonna Lose You
642,Say You Love Me,Amanda,Where'd You Go,Where'd You Go,One Call Away
643,Devil Woman,Two Of Hearts,Yo (Excuse Me Miss),Yo (Excuse Me Miss),Let It Go
644,Fooled Around And Fell In Love,Crush On You,Walk Away,Walk Away,No
645,Convoy,If You Leave,Laffy Taffy,Laffy Taffy,Never Forget You
646,Welcome Back,Invisible Touch,What You Know,What You Know,Let Me Love You
647,Sing A Song,The Sweetest Taboo,Dirty Little Secret,Dirty Little Secret,Don't Mind
648,HEAVEN MUST BE MISSING AN ANGEL,What You Need,Savin' Me,Savin' Me,H.O.L.Y.
649,I'll Be Good To You,Talk To Me,Don't Forget About Us,Don't Forget About Us,We Don't Talk Anymore
650,Rock And Roll Music,Nasty,Sexy Love,Sexy Love,Into You
651,Shop Around,Your Love,U And Dat,U And Dat,Gold
652,Saturday Night,I'm Your Man,Far Away,Far Away,Exchange
653,Island Girl,Perfect Way,What's Left Of Me,What's Left Of Me,679
654,Let's Do It Again (Soundtrack),Living In America,So What,So What,Oui
655,This Masquerade,Word Up,Do It To It,Do It To It,Hands To Myself
656,Evil Woman,Why Can't This Be Love,Black Horse & The Cherry Tree,Black Horse & The Cherry Tree,2 Phones
657,Wham Bam,Typical Male,There It Go! (The Whistle Song),There It Go! (The Whistle Song),Starboy
658,I'm Easy,Tarzan Boy,Shoulder Lean,Shoulder Lean,For Free
659,Wake Up Everybody (Part 1),True Blue,Unpredictable,Unpredictable,Never Be Like You
660,Summer,Rumors,My Love,My Love,In The Night
661,Let Her In,Life In A Northern Town,Shake That,Shake That,Me Too
662,Fox On The Run,Bad Boy,Pullin' Me Back,Pullin' Me Back,Ex's & Oh's
663,Rhiannon (will You Ever Win),Sleeping Bag,Bossy,Bossy,Die A Happy Man
664,Got To Get You Into My Life,Tonight She Comes,Chain Hang Low,Chain Hang Low,White Iverson
665,Fanny (Be Tender With My Love),A Love Bizarre,Smack That,Smack That,Close
666,Getaway,Throwing It All Away,One Wish,One Wish,Unsteady
667,Still The One,Baby Love,"Sugar, We're Goin' Down","Sugar, We're Goin' Down",Sucker For Pain
668,You're My Best Friend,Election Day,Gimme That,Gimme That,Down In The DM
669,With Your Love,Nikita,I Know You See It,I Know You See It,Luv
670,Slow Ride,Take Me Home,Who Says You Can't Go Home,Who Says You Can't Go Home,Sorry
671,Who'd She Coo?,Walk This Way,Too Little Too Late,Too Little Too Late,Can't Feel My Face
672,The Boys Are Back In Town,Sweet Love,Touch It,Touch It,Hymn For The Weekend
673,Walk Away From Love,Your Wildest Dreams,Rompe,Rompe,Say It
674,Baby I Love Your Way,Spies Like Us,Deja Vu,Deja Vu,Antidote
675,Young Hearts Run Free,Object Of My Desire,Life Is A Highway,Life Is A Highway,Lost Boy
676,Breaking Up Is Hard To Do,Dreamtime,Call Me When You're Sober,Call Me When You're Sober,Side To Side
677,Money Honey,Tender Love,"Jesus, Take The Wheel","Jesus, Take The Wheel","Sit Still, Look Pretty"
678,Tear The Roof Off The Sucker,King For A Day,Show Stopper,Show Stopper,Wildest Dreams
679,Junk Food Junkie,Love Will Conquer All,Get Up,Get Up,Middle
680,Tryin' To Get The Feeling Again,A Different Corner,We Be Burnin',We Be Burnin',On My Mind
681,Rock And Roll All Night (Live Version),I'll Be Over You,Hate Me,Hate Me,Pop Style
682,Disco Duck,Go Home,You And Me,You And Me,When We Were Young
683,Take The Money And Run,Song,Beep,Beep,Hide Away
684,Squeeze Box,Song,I Think They Like Me,I Think They Like Me,Lean On
685,Country Boy (you Got Your Feet In L.a.),Song,Say Goodbye,Say Goodbye,I Know What You Did Last Summer
686,Song,Song,Waiting On The World To Change,Waiting On The World To Change,Watch Me
687,Song,Song,Soul Survivor,Soul Survivor,Back To Sleep
688,Song,Song,Pump It,Pump It,No Limit
689,Song,Song,When I'm Gone,When I'm Gone,Cut It
690,Song,Song,Hung Up,Hung Up,Really Really
691,Song,Song,Stay Fly,Stay Fly,All In My Head (Flex)
692,Song,Song,Love,Love,Starving
693,Song,Song,When You're Mad,When You're Mad,Adventure Of A Lifetime
694,Song,Song,Why You Wanna,Why You Wanna,Humble And Kind
695,Song,Song,Stupid Girls,Stupid Girls,Wicked
696,Song,Song,Feel Good Inc,Feel Good Inc,Tiimmy Turner
697,Song,Song,I'm Sprung,I'm Sprung,See You Again
698,Song,Song,Do I Make You Proud,Do I Make You Proud,Perfect
699,Song,Song,For You I Will (Confidence),For You I Will (Confidence),Song
700,Tonight's The Night (Gonna Be Alright),ALONE,Bad Day,Irreplaceable,Shape Of You
701,I Just Want To Be Your Everything,Shake You Down,Temperature,Umbrella,Despacito
702,Best Of My Love,I Wanna Dance With Somebody (Who Loves Me),Promiscuous,The Sweet Escape,That's What I Like
703,Angel In Your Arms,Nothing's Gonna Stop Us Now,You're Beautiful,Big Girls Don't Cry,Humble.
704,I Like Dreamin',C'est La Vie,Hips Don't Lie,Buy U A Drank (Shawty Snappin'),Something Just Like This
705,DON't LEAVE ME THIS WAY,Here I Go Again,Unwritten,Before He Cheats,Bad And Boujee
706,(your Love Has Lifted Me) Higher And Higher,The Way It Is,Crazy,Hey There Delilah,Closer
707,Undercover Angel,Livin' On A Prayer,Ridin',I Wanna Love You,Body Like A Back Road
708,Torn Between Two Lovers,La Bamba,SexyBack,Say It Right,Believer
709,Dancing Queen,Everybody Have Fun Tonight,Check On It,Glamorous,Congratulations
710,You Make Me Feel Like Dancing,Don't Dream It's Over,Be Without You,Don't Matter,Say You Won't Let Go
711,Margaritaville,Always,Grillz,Girlfriend,I'm The One
712,Telephone Line,Looking For A New Love,Over My Head (Cable Car),Makes Me Wonder,XO TOUR Llif3
713,Whatcha Gonna Do?,I Think We're Alone Now,Me & U,Party Like A Rockstar,Mask Off
714,Sir Duke,Mony Mony,Buttons,Smack That,Unforgettable
715,Hotel California,At This Moment,Run It!,This Is Why I'm Hot,24K Magic
716,Got To Give It Up (Pt. 1),The Lady In Red,So Sick,It's Not Over,Stay
717,Theme From Rocky (gonna Fly Now),Didn't We Almost Have It All,It's Goin' Down,The Way I Are,Wild Thoughts
718,Southern Nights,I Still Haven't Found What I'm Looking For,SOS,Fergalicious,Black Beatles
719,When I Need You,Notorious,I Write Sins Not Tragedies,Crank That (Soulja Boy),Starboy
720,Hot Line,Only In My Dreams,Move Along,Give It To Me,Location
721,Car Wash,(I've Had) The Time Of My Life,London Bridge,What Goes Around...Comes Around,Attention
722,Fly Like An Eagle,The Next Time I Fall,Dani California,Cupid's Chokehold/Breakfast In America,There's Nothing Holdin' Me Back
723,Don't Give Up On Us,Lean On Me,Snap Yo Fingers,How To Save A Life,Bodak Yellow (Money Moves)
724,On And On,Open Your Heart,"Lean Wit It, Rock Wit It",Home,Redbone
725,Feels Like The First Time,(I Just) Died In Your Arms,What Hurts The Most,My Love,I Don't Wanna Live Forever (Fifty Shades Darker)
726,Couldn't Get It Right,Heart And Soul,How To Save A Life,Stronger,It Ain't Me
727,Easy,You Keep Me Hangin' On,Unfaithful,We Fly High,iSpy
728,Right Time Of The Night,Keep Your Hands To Yourself,Chasing Cars,U + Ur Hand,Issues
729,I've Got Love On My Mind,I Knew You Were Waiting (For Me),Lips Of An Angel,Walk It Out,Scars To Your Beautiful
730,BLINDED BY THE LIGHT,Control,Everytime We Touch,Beautiful Girls,1-800-273-8255
731,Looks Like We Made It,U Got The Look,Ain't No Other Man,"This Ain't A Scene, It's An Arms Race",Slow Hands
732,So In To You,Land Of Confusion,"Dance, Dance",Bartender,Love On The Brain
733,DREAMS,Jacob's Ladder,Gold Digger,"Pop, Lock & Drop It",I Feel It Coming
734,DAZZ,Who's That Girl,Money Maker,Runaway Love,Bounce Back
735,I'm In You,You Got It All,Ms. New Booty,Rockstar,Strip That Down
736,Lucille,Touch Me (I Want Your Body),(When You Gonna) Give It Up To Me,Thnks Fr Th Mmrs,Fake Love
737,Da Doo Ron Ron,I Just Can't Stop Loving You,Photograph,What I've Done,Don't Wanna Know
738,Handy Man,Causing A Commotion,Because Of You,Summer Love,Look What You Made Me Do
739,You And Me,In Too Deep,Stickwitu,You,Castle On The Hill
740,Swayin' To The Music (Slow Dancin'),Let's Wait Awhile,I'm N Luv (Wit A Stripper),Wait For You,Bad Things
741,Lonely Boy,Hip To Be Square,My Humps,Last Night,Paris
742,I Wish,Will You Still Love Me?,Where'd You Go,Make It Rain,Side To Side
743,Don't Stop,Little Lies,Yo (Excuse Me Miss),Make Me Better,Rockabye
744,Barracuda,LUKA,Walk Away,Ice Box,Feel It Still
745,Strawberry Letter 23,Don't Mean Nothing,Laffy Taffy,Lips Of An Angel,Let Me Love You
746,Night Moves,Songbird,What You Know,Waiting On The World To Change,Sorry Not Sorry
747,You're My World,Carrie,Dirty Little Secret,Lost Without U,Bank Account
748,Heard It In A Love Song,Don't Disturb This Groove,Savin' Me,I'm A Flirt,Can't Stop The Feeling!
749,Carry On Wayward Son,La Isla Bonita,Don't Forget About Us,If Everyone Cared,Mi Gente
750,New Kid In Town/victim Of Love,Bad,Sexy Love,Get It Shawty,Thunder
751,After The Lovin',Sign 'O' The Times,U And Dat,Face Down,T-Shirt
752,Jet Airliner,Change Of Heart,Far Away,The Way I Live,Rake It Up
753,Stand Tall,Come Go With Me,What's Left Of Me,Shortie Like Mine,Mercy
754,Way Down,Can't We Try,So What,It Ends Tonight,Tunnel Vision
755,Weekend In New England,To Be A Lover,Do It To It,A Bay Bay,Rockstar
756,It Was Almost Like A Song,Mandolin Rain,Black Horse & The Cherry Tree,Because Of You,In Case You Didn't Know
757,Cold As Ice,Breakout,There It Go! (The Whistle Song),I Tried,Heathens
758,Ariel,Stand By Me,Shoulder Lean,Welcome To The Black Parade,Now Or Never
759,Lost Without Your Love,"Tonight, Tonight, Tonight",Unpredictable,Shawty,Caroline
760,Theme From Star Wars,Someday,My Love,Chasing Cars,Rolex
761,Float On,When Smokey Sings,Shake That,Beautiful Liar,DNA.
762,Jeans On,Casanova,Pullin' Me Back,SexyBack,Juju On That Beat (TZ Anthem)
763,Lido Shuffle,Rhythm Is Gonna Get You,Bossy,Keep Holding On,Swang
764,You Made Me Believe In Magic,Rock Steady,Chain Hang Low,Let It Go,Passionfruit
765,Livin' Thing,Wanted Dead Or Alive,Smack That,Apologize,Loyalty.
766,Give A Little Bit,Big Time,One Wish,Bubbly,Praying
767,Love So Right,The Finer Things,"Sugar, We're Goin' Down",Like A Boy,Goosebumps
768,I Never Cry,Let Me Be The One,Gimme That,Who Knew,Cold
769,Nobody Does It Better,Is This Love,I Know You See It,Never Again,Broccoli
770,High School Dance,Diamonds,Who Says You Can't Go Home,Promise,Slide
771,Love's Grown Deep,Point Of No Return,Too Little Too Late,Bed,What Ifs
772,Ain't Gonna Bump No More (with No Big Fat Woman),Big Love,Touch It,Throw Some D's,Chained To The Rhythm
773,I Wanna Get Next To You,Midnight Blue,Rompe,Rehab,Feels
774,Somebody To Love,Something So Strong,Deja Vu,Big Things Poppin' (Do It),All Time Low
775,Muskrat Love,Heat Of The Night,Life Is A Highway,No One,Hurricane
776,Walk This Way,Nothing's Gonna Change My Love For You,Call Me When You're Sober,The Great Escape,Too Good At Goodbyes
777,Year Of The Cat,Brilliant Disguise,"Jesus, Take The Wheel",2 Step,Young Dumb & Broke
778,Boogie Nights,Just To See Her,Show Stopper,Walk Away (Remember Me),Magnolia
779,Go Your Own Way,Who Will You Run To,Get Up,Go Getta,Love Galore
780,Sorry Seems To Be The Hardest Word,Respect Yourself,We Be Burnin',Here (In Your Arms),Drowning
781,Don't Worry Baby,Victory,Hate Me,On The Hotline,Starving
782,"Knowing Me, Knowing You",Doing It All For My Baby,You And Me,Wind It Up,Both
783,How Much Love,Right On Track,Beep,Cyclone,What About Us
784,Theme From Star Wars,Ballerina Girl,I Think They Like Me,Break It Off,Swalla
785,Devil's Gun,Meet Me Half Way,Say Goodbye,First Time,Slippery
786,Song,I've Been In Love Before,Waiting On The World To Change,Ayo Technology,Sign Of The Times
787,Song,(You Gotta) Fight For Your Right (To Party!),Soul Survivor,Outta My System,Water Under The Bridge
788,Song,Funkytown,Pump It,Teardrops On My Guitar,Malibu
789,Song,Love You Down,When I'm Gone,Shut Up And Drive,Down
790,Song,Song,Hung Up,Snow ((Hey Oh)),No Promises
791,Song,Song,Stay Fly,Money Maker,Treat You Better
792,Song,Song,Love,Kiss Kiss,I Get The Bag
793,Song,Song,When You're Mad,Far Away,Small Town Boy
794,Song,Song,Why You Wanna,Rock Yo Hips,Everyday We Lit
795,Song,Song,Stupid Girls,LoveStoned,Havana
796,Song,Song,Feel Good Inc,Better Than Me,What Lovers Do
797,Song,Song,I'm Sprung,Paralyzer,Do Re Mi
798,Song,Song,Do I Make You Proud,That's That,Look At Me!
799,Song,Song,For You I Will (Confidence),Same Girl,The Fighter
800,Shadow Dancing,Faith,Bad Day,Low,God's Plan
801,Night Fever,Need You Tonight,Temperature,Bleeding Love,Perfect
802,You Light Up My Life,Got My Mind Set On You,Promiscuous,No One,Meant To Be
803,Stayin' Alive,Never Gonna Give You Up,You're Beautiful,Lollipop,Havana
804,KISS YOU ALL OVER,Sweet Child O' Mine,Hips Don't Lie,Apologize,Rockstar
805,How Deep Is Your Love,So Emotional,Unwritten,No Air,Psycho
806,Baby Come Back,Heaven Is A Place On Earth,Crazy,Love Song,I Like It
807,Love Is Thicker Than Water,Could've Been,Ridin',Love In This Club,The Middle
808,Boogie Oogie Oogie,Hands To Heaven,SexyBack,With You,In My Feelings
809,Three Times A Lady,Roll With It,Check On It,Forever,Girls Like You
810,Grease,One More Try,Be Without You,Sexy Can I,Nice For What
811,I Go Crazy,Wishing Well,Grillz,Take A Bow,Lucid Dreams
812,You're The One That I Want,Anything For You/No Te Olvidare,Over My Head (Cable Car),Viva La Vida,Better Now
813,Emotion,The Flame,Me & U,I Kissed A Girl,Finesse
814,Lay Down Sally,"Get Outta My Dreams, Get Into My Car",Buttons,Whatever You Like,Boo'd Up
815,Miss You,Seasons Change,Run It!,Disturbia,New Rules
816,Just The Way You Are,Is This Love,So Sick,Don't Stop The Music,Sad!
817,With A Little Luck,"Wild, Wild West",It's Goin' Down,Pocketful Of Sunshine,Never Be The Same
818,If I Can't Have You,Pour Some Sugar On Me,SOS,Kiss Kiss,Love Lies
819,"Dance, Dance, Dance (Yowsah, Yowsah, Yowsah)",I'll Always Love You,I Write Sins Not Tragedies,Closer,No Tears Left To Cry
820,Feels So Good,Man In The Mirror,Move Along,Bubbly,Mine
821,Love Is Like Oxygen,Shake Your Love,London Bridge,Touch My Body,Thunder
822,It's A Heartache,Hold On To The Nights,Dani California,4 Minutes,Look Alive
823,Baker Street,Shattered Dreams,Snap Yo Fingers,So What,Delicate
824,TWO OUT OF THREE AIN't BAD,Father Figure,"Lean Wit It, Rock Wit It",Paralyzer,Yes Indeed
825,Take A Chance On Me,Naughty Girls (Need Love Too),What Hurts The Most,Clumsy,Friends
826,Sometimes When We Touch,Groovy Kind Of Love,How To Save A Life,I'm Yours,Bad At Love
827,Last Dance,Love Bites,Unfaithful,Leavin',Taste
828,Hopelessly Devoted To You,Endless Summer Nights,Chasing Cars,Dangerous,Let You Down
829,Hot Blooded,Foolish Beat,Lips Of An Angel,Tattoo,No Limit
830,The Closer I Get To You,Where Do Broken Hearts Go,Everytime We Touch,See You Again,FEFE
831,Dust In The Wind,Angel,Ain't No Other Man,Shake It,Tequila
832,Short People,The Way You Make Me Feel,"Dance, Dance",Stop And Stare,Feel It Still
833,Use Ta Be My Girl,Make Me Lose Control,Gold Digger,Take You There,MotorSport
834,Our Love,Red Red Wine,Money Maker,Paper Planes,I Like Me Better
835,Love Will Find A Way,Bad Medicine,Ms. New Booty,Hot N Cold,Youngblood
836,An Everlasting Love,I Don't Wanna Go On With You Like That,(When You Gonna) Give It Up To Me,Live Your Life,Whatever It Takes
837,Love Is In The Air,Together Forever,Photograph,Bust It Baby Part 2,Ric Flair Drip
838,Goodbye Girl,Monkey,Because Of You,American Boy,I Fall Apart
839,Slip Slidin' Away,Devil Inside,Stickwitu,Got Money,Pray For Me
840,The Groove Line,Should've Known Better,I'm N Luv (Wit A Stripper),Our Song,Back To You
841,Thunder Island,I Don't Wanna Live Without Your Love,My Humps,Damaged,Sicko Mode
842,Imaginary Lover,The Loco-Motion,Where'd You Go,A Milli,Walk It Talk It
843,Still The Same,What Have I Done To Deserve This?,Yo (Excuse Me Miss),Sorry,Gucci Gang
844,My Angel Baby,Make It Real,Walk Away,Independent,Him & I
845,Disco Inferno,What's On Your Mind (Pure Energy),Laffy Taffy,Can't Believe It,In My Blood
846,On Broadway,Tell It To My Heart,What You Know,Like You'll Never See Me Again,All The Stars
847,Come Sail Away,Out Of The Blue,Dirty Little Secret,Teardrops On My Guitar,Stir Fry
848,This Time I'm In It For Love,Don't You Want Me,Savin' Me,When I Grow Up,Too Good At Goodbyes
849,You Belong To Me,Desire,Don't Forget About Us,Sensual Seduction,Love.
850,Here You Come Again,I Get Weak,Sexy Love,What You Got,This Is America
851,Blue Bayou,Sign Your Name,U And Dat,It's Not My Time,Nonstop
852,Peg,I Want To Be Your Man,Far Away,Better In Time,Heaven
853,You Needed Me,Girlfriend,What's Left Of Me,Crank That (Soulja Boy),Bodak Yellow (Money Moves)
854,Reminiscing,Dirty Diana,So What,Shadow Of The Day,Freaky Friday
855,Count On Me,Mercedes Boy,Do It To It,Sweetest Girl (Dollar Bill),Gummo
856,Baby Hold On,Perfect World,Black Horse & The Cherry Tree,Miss Independent,Plug Walk
857,Hey Deanie,New Sensation,There It Go! (The Whistle Song),Fall For You,Wait
858,Summer Nights,Catch Me (I'm Falling),Shoulder Lean,In The Ayer,Be Careful
859,What's Your Name,If It Isn't Love,Unpredictable,Say,Wolves
860,Don't It Make My Brown Eyes Blue,Rocket 2 U,My Love,One Step At A Time,Bartier Cardi
861,Every Kinda People,One Good Woman,Shake That,Hate That I Love You,God Is A Woman
862,Copacabana,Don't Be Cruel,Pullin' Me Back,Superstar,Big Bank
863,You And I,CANDLE IN THE WIND,Bossy,Suffocate,Sorry Not Sorry
864,Serpentine Fire,Say You Will,Chain Hang Low,Let It Rock,How Long
865,Sentimental Lady,I Want Her,Smack That,Get Like Me,Lights Down Low
866,Falling,Pink Cadillac,One Wish,Realize,Young Dumb & Broke
867,Don't Let Me Be Misunderstood,Fast Car,"Sugar, We're Goin' Down",Put On,One Kiss
868,Bluer Than Blue,Electric Blue,Gimme That,The Time Of My Life,Natural
869,Running On Empty,The Valley Road,I Know You See It,Lolli Lolli (Pop That Body),You Make It Easy
870,Get Off,Don't Be Cruel,Who Says You Can't Go Home,Cyclone,Shape Of You
871,Life's Been Good,Piano In The Dark,Too Little Too Late,Love Like This,I Get The Bag
872,You Can't Turn Me Off (In The Middle Of Turning Me On),When It's Love,Touch It,Burnin' Up,No Brainer
873,It's So Easy,Don't Shed A Tear,Rompe,Love Lockdown,Plain Jane
874,Native New Yorker,We'll Be Together,Deja Vu,I Luv Your Girl,Sky Walker
875,Flashlight,I Hate Myself For Loving You,Life Is A Highway,Crush,Marry Me
876,Don't Look Back,I Don't Want To Live Without You,Call Me When You're Sober,Hypnotized,Eastside
877,Turn To Stone,Nite And Day,"Jesus, Take The Wheel",Big Girls Don't Cry,Call Out My Name
878,I Can't Stand The Rain,Don't You Know What The Night Can Do?,Show Stopper,Good Life,King's Dead
879,Ebony Eyes,One Moment In Time,Get Up,Womanizer,Happier
880,The Name Of The Game,Can't Stay Away From You,We Be Burnin',Love Story,Te Bote
881,We're All Alone,Kissing A Fool,Hate Me,Just Fine,Simple
882,Hollywood Nights,I STILL BELIEVE,You And Me,Piece Of Me,Lemon
883,Deacon Blues,I Found Someone,Beep,The Boss,1-800-273-8255
884,Song,Never Tear Us Apart,I Think They Like Me,All Summer Long,Say Something
885,Song,Valerie,Say Goodbye,Can't Help But Wait,I'm Upset
886,Song,Just Like Paradise,Waiting On The World To Change,In Love With A Girl,Get Along
887,Song,Nothin' But A Good Time,Soul Survivor,My Life,Moonlight
888,Song,Wait,Pump It,I Remember,What Lovers Do
889,Song,Prove Your Love,When I'm Gone,Flashing Lights,X
890,Song,Song,Hung Up,Mrs. Officer,Outside Today
891,Song,Song,Stay Fly,7 Things,Trip
892,Song,Song,Love,You're Gonna Miss This,Dura
893,Song,Song,When You're Mad,Love Remains The Same,Changes
894,Song,Song,Why You Wanna,Feels Like Tonight,Mercy
895,Song,Song,Stupid Girls,The Way I Are,One Number Away
896,Song,Song,Feel Good Inc,Addicted,Powerglide
897,Song,Song,I'm Sprung,Into The Night,IDGAF
898,Song,Song,Do I Make You Proud,Heaven Sent,Mi Gente
899,Song,Song,For You I Will (Confidence),She Got It,Believer
900,My Sharona,Look Away,Bad Day,Boom Boom Pow,Old Town Road
901,BAD GIRLS,My Prerogative,Temperature,Poker Face,Sunflower (Spider-Man: Into The Spider-Verse)
902,Le Freak,Every Rose Has Its Thorn,Promiscuous,Just Dance,Without Me
903,DO YA THINK I'm SEXY,Straight Up,You're Beautiful,I Gotta Feeling,Bad Guy
904,Reunited,Miss You Much,Hips Don't Lie,Love Story,Wow.
905,I Will Survive,Cold Hearted,Unwritten,Right Round,Happier
906,Hot Stuff,"Baby, I Love Your Way/Freebird Medley",Crazy,I'm Yours,7 Rings
907,Y.M.C.A.,GIVING YOU THE BEST THAT I GOT,Ridin',Single Ladies (Put A Ring On It),Talk
908,Ring My Bell,Right Here Waiting,SexyBack,Heartless,Sicko Mode
909,Sad Eyes,Waiting For A Star To Fall,Check On It,Gives You Hell,Sucker
910,Too Much Heaven,Lost In Your Eyes,Be Without You,You Belong With Me,High Hopes
911,When You're In Love With A Beautiful Woman,Don't Wanna Lose You,Grillz,Dead And Gone,"Thank U, Next"
912,Makin' It,Heaven,Over My Head (Cable Car),You Found Me,Truth Hurts
913,Fire,Girl I'm Gonna Miss You,Me & U,Use Somebody,Dancing With A Stranger
914,Tragedy,The Look,Buttons,Knock You Down,Senorita
915,A Little More Love,Two Hearts,Run It!,Blame It,I Don't Care
916,Heart Of Glass,Blame It On The Rain,So Sick,I Know You Want Me (Calle Ocho),Eastside
917,What A Fool Believes,Listen To Your Heart,It's Goin' Down,Live Your Life,Going Bad
918,GOOD TIMES,I'll Be There For You,SOS,Kiss Me Thru The Phone,Shallow
919,You Don't Bring Me Flowers,If You Don't Know Me By Now,I Write Sins Not Tragedies,Down,Better
920,Knock On Wood,Like A Prayer,Move Along,The Climb,No Guidance
921,Lead Me On,I'll Be Loving You (Forever),London Bridge,Best I Ever Had,Girls Like You
922,Don't Cry Out Loud,How Can I Fall?,Dani California,My Life Would Suck Without You,Sweet But Psycho
923,The Logical Song,Baby Don't Forget My Number,Snap Yo Fingers,Halo,Suge
924,My Life,Toy Soldiers,"Lean Wit It, Rock Wit It",Hot N Cold,Middle Child
925,Just When I Needed You Most,Forever Your Girl,What Hurts The Most,Second Chance,Drip Too Hard
926,You Can't Change That,The Living Years,How To Save A Life,Circus,Someone You Loved
927,Shake Your Groove Thing,Wild Thing,Unfaithful,Day 'N' Nite,Ran$om
928,I'll Never Love This Way Again,When I See You Smile,Chasing Cars,Party In The U.S.A.,If I Can't Have You
929,Love You Inside Out,If I Could Turn Back Time,Lips Of An Angel,Don't Trust Me,Goodbyes
930,I Want You To Want Me,Buffalo Stance,Everytime We Touch,Run This Town,ZEZE
931,Main Event,When I'm With You,Ain't No Other Man,Let It Rock,Better Now
932,Mama Can't Buy You Love,Don't Rush Me,"Dance, Dance",Fire Burning,Youngblood
933,I Was Made For Dancing,Born To Be My Baby,Gold Digger,Whatcha Say,Money In The Grave
934,After The Love Has Gone,Good Thing,Money Maker,LoveGame,Speechless
935,The Gambler,The Lover In Me,Ms. New Booty,Waking Up In Vegas,"Break Up With Your Girlfriend, I'm Bored"
936,Lotta Love,Bust A Move,(When You Gonna) Give It Up To Me,Birthday Sex,Please Me
937,Lady,Real Love,Photograph,Sober,Money
938,Heaven Must Have Sent You,Every Little Step,Because Of You,Womanizer,You Need To Calm Down
939,Hold The Line,Hangin' Tough,Stickwitu,Whatever You Like,Panini
940,He's The Greatest Dancer,My Heart Can't Tell You No,I'm N Luv (Wit A Stripper),Obsessed,Look Back At It
941,Sharing The Night Together,You Got It (The Right Stuff),My Humps,Mad,A Lot
942,She Believes In Me,Armageddon It,Where'd You Go,Good Girls Go Bad,ME!
943,In The Navy,Satisfied,Yo (Excuse Me Miss),Love Lockdown,MIA
944,Music Box Dancer,Express Yourself,Walk Away,So What,Pop Out
945,The Devil Went Down To Georgia,I Like It,Laffy Taffy,Hotel Room Service,Beautiful Crazy
946,Gold,Soldier Of Love,What You Know,Crack A Bottle,Thotiana
947,Goodnight Tonight,Sowing The Seeds Of Love,Dirty Little Secret,If I Were A Boy,Lucid Dreams
948,We Are Family,Cherish,Savin' Me,Turnin Me On,Mo Bamba
949,Rock 'n' Roll Fantasy,When The Children Cry,Don't Forget About Us,I Hate This Part,Beautiful People
950,Every 1's A Winner,18 And Life,Sexy Love,Gotta Be Somebody,Wake Up In The Sky
951,Take Me Home,I Don't Want Your Love,U And Dat,Please Don't Leave Me,Whiskey Glasses
952,Boogie Wonderland,SECOND CHANCE,Far Away,Paparazzi,God's Country
953,(Our Love) Don't Throw It All Away,The Way You Love Me,What's Left Of Me,Beautiful,Be Alright
954,What You Won't Do For Love,Funky Cold Medina,So What,Viva La Vida,Pure Water
955,New York Groove,Miss You Like Crazy,Do It To It,Right Now (Na Na Na),The Git Up
956,Sultans Of Swing,Love Song,Black Horse & The Cherry Tree,Battlefield,Taki Taki
957,I Want Your Love,Secret Rendezvous,There It Go! (The Whistle Song),Sugar,Close To Me
958,Ain't No Stoppin' Us Now,Angel Eyes,Shoulder Lean,Miss Independent,Envy Me
959,Lonesome Loser,Patience,Unpredictable,Fireflies,You Say
960,Renegade,Walk On Water,My Love,New Divide,"Hey Look Ma, I Made It"
961,LOVE IS THE ANSWER,Cover Girl,Shake That,Empire State Of Mind,Circles
962,Got To Be Real,Welcome To The Jungle,Pullin' Me Back,No Surprise,Beer Never Broke My Heart
963,Born To Be Alive,Shower Me With Your Love,Bossy,She Wolf,The London
964,Shine A Little Love,Stand,Chain Hang Low,Break Up,Con Calma
965,I Just Fall In Love Again,Close My Eyes Forever,Smack That,Sweet Dreams,Murder On My Mind
966,Shake It,All This Time,One Wish,Every Girl,When The Party's Over
967,I Was Made For Lovin' You,Roni,"Sugar, We're Goin' Down",Fallin' For You,Act Up
968,I Just Wanna Stop,Love In An Elevator,Gimme That,Untouched,I Like It
969,Ooh Baby Baby,Lay Your Hands On Me,I Know You See It,If Today Was Your Last Day,Trampoline
970,September,The Promise,Who Says You Can't Go Home,Throw It In The Bag,Leave Me Alone
971,Time Passages,What I Am,Too Little Too Late,Love Drunk,Breathin
972,Rise,I Remember Holding You,Touch It,I Love College,Bury A Friend
973,Don't Bring Me Down,Paradise City,Rompe,If U Seek Amy,Close Friends
974,Promises,I Wanna Have Some Fun,Deja Vu,Big Green Tractor,Baby Shark
975,Get Used To It,She Wants To Dance With Me,Life Is A Highway,White Horse,My Type
976,How Much I Feel,Dreamin',Call Me When You're Sober,Disturbia,Worth It
977,Suspicions,It's No Crime,"Jesus, Take The Wheel",21 Guns,Only Human
978,You Take My Breath Away,Poison,Show Stopper,Turn My Swag On,Knockin' Boots
979,How You Gonna See Me Now,THIS TIME I KNOW IT's FOR REAL,Get Up,Rockin' That Thang,Trip
980,Double Vision,Smooth Criminal,We Be Burnin',Chicken Fried,Rumor
981,Somewhere In The Night,Rock Wit'cha,Hate Me,Diva,Swervin
982,We've Got Tonight,What You Don't Know,You And Me,Replay,How Do You Sleep?
983,Dance The Night Away,The End Of The Innocence,Beep,Then,Baby
984,Dancing Shoes,Keep On Movin',I Think They Like Me,Her Diamonds,Look What God Gave Her
985,The Boss,Song,Say Goodbye,How Do You Sleep?,Good As You
986,Sail On,Song,Waiting On The World To Change,3,Clout
987,Strange Way,Song,Soul Survivor,Forever,Love Lies
988,Song,Song,Pump It,One Time,One Thing Right
989,Song,Song,When I'm Gone,I Run To You,Cash Shit
990,Song,Song,Hung Up,I Do Not Hook Up,Tequila
991,Song,Song,Stay Fly,Green Light,Shotta Flow
992,Song,Song,Love,People Are Crazy,Hot Girl Summer
993,Song,Song,When You're Mad,Whatever It Is,Talk You Out Of It
994,Song,Song,Why You Wanna,Already Gone,Beautiful
995,Song,Song,Stupid Girls,Goodbye,Eyes On You
996,Song,Song,Feel Good Inc,Say Hey (I Love You),All To Myself
997,Song,Song,I'm Sprung,Pop Champagne,Boyfriend
998,Song,Song,Do I Make You Proud,Pretty Wings,Walk Me Home
999,Song,Song,For You I Will (Confidence),Never Say Never,Robbery
